date,entry_time,exit_time,ticker,action,close_action,direction,entry_price,exit_price,shares,position_value,profit_loss_pct,profit_loss_dollars,exit_reason,hold_duration_seconds,indicator_name,entry_spread_pct,atr_at_entry,momentum_at_entry
2023-01-04,2023-01-04T09:50:00,2023-01-04T10:05:00,COIN,buy_to_open,sell_to_close,long,36.4216,34.8450,54.9125,2000.00,-4.3286,-86.57,ATR stop loss: -4.48% (threshold: -4.00%),900.0,Momentum Trading,0.2285,0.0000,0.0000
2023-01-04,2023-01-04T10:56:00,2023-01-04T11:07:00,COIN,buy_to_open,sell_to_close,long,36.7531,37.3880,54.4171,2000.00,1.7274,34.55,Trailing stop triggered at $37.4468 (locking in 1.70% profit),660.0,Momentum Trading,0.1804,0.0000,0.0000
2023-01-04,2023-01-04T11:24:00,2023-01-04T12:25:00,PLTR,buy_to_open,sell_to_close,long,6.6340,6.5995,301.4772,2000.00,-0.5200,-10.40,max_hold_60min,3660.0,Momentum Trading,0.1207,0.0000,0.0000
2023-01-06,2023-01-06T10:45:00,2023-01-06T11:46:00,SNAP,buy_to_open,sell_to_close,long,9.2395,9.2290,216.4619,2000.00,-0.1136,-2.27,max_hold_60min,3660.0,Momentum Trading,0.0975,0.0000,0.0000
2023-01-06,2023-01-06T11:15:00,2023-01-06T12:16:00,COIN,buy_to_open,sell_to_close,long,33.0050,32.4388,60.5969,2000.00,-1.7153,-34.31,max_hold_60min,3660.0,Momentum Trading,0.0442,0.0000,0.0000
2023-01-09,2023-01-09T10:00:00,2023-01-09T11:01:00,PLTR,buy_to_open,sell_to_close,long,6.6487,6.5520,300.8107,2000.00,-1.4544,-29.09,max_hold_60min,3660.0,Momentum Trading,0.1114,0.0000,0.0000
2023-01-09,2023-01-09T10:23:00,2023-01-09T10:40:00,AMD,buy_to_open,sell_to_close,long,68.2195,68.6570,29.3171,2000.00,0.6413,12.83,Trailing stop triggered at $68.7530 (locking in 0.71% profit),1020.0,Momentum Trading,0.0719,0.0000,0.0000
2023-01-09,2023-01-09T10:57:00,2023-01-09T11:55:00,COIN,buy_to_open,sell_to_close,long,38.2571,38.7186,52.2779,2000.00,1.2064,24.13,Trailing stop triggered at $38.7957 (locking in 1.21% profit),3480.0,Momentum Trading,0.1939,0.0000,0.0000
2023-01-10,2023-01-10T09:34:00,2023-01-10T09:47:00,COIN,buy_to_open,sell_to_close,long,40.4170,38.7055,49.4841,2000.00,-4.2346,-84.69,ATR stop loss: -4.82% (threshold: -4.00%),780.0,Momentum Trading,0.6802,0.0000,0.0000
2023-01-11,2023-01-11T10:24:00,2023-01-11T11:25:00,SNAP,buy_to_open,sell_to_close,long,9.6944,9.6045,206.3047,2000.00,-0.9273,-18.55,max_hold_60min,3660.0,Momentum Trading,0.0619,0.0000,0.0000
2023-01-12,2023-01-12T10:04:00,2023-01-12T11:05:00,SNAP,sell_to_open,buy_to_close,short,9.4814,9.4740,210.9391,2000.00,0.0782,1.56,max_hold_60min,3660.0,Momentum Trading,0.0757,0.0000,0.0000
2023-01-12,2023-01-12T10:25:00,2023-01-12T11:26:00,COIN,buy_to_open,sell_to_close,long,44.0530,43.3209,45.3999,2000.00,-1.6619,-33.24,max_hold_60min,3660.0,Momentum Trading,0.1136,0.0000,0.0000
2023-01-12,2023-01-12T11:51:00,2023-01-12T12:18:00,SOFI,buy_to_open,sell_to_close,long,5.1930,5.2479,385.1361,2000.00,1.0578,21.16,Trailing stop triggered at $5.2539 (locking in 1.06% profit),1620.0,Momentum Trading,0.1145,0.0000,0.0000
2023-01-12,2023-01-12T12:18:00,2023-01-12T13:19:00,SOFI,buy_to_open,sell_to_close,long,5.2529,5.2690,380.7421,2000.00,0.3065,6.13,max_hold_60min,3660.0,Momentum Trading,0.0952,0.0000,0.0000
2023-01-17,2023-01-17T10:00:00,2023-01-17T10:28:00,NVDA,buy_to_open,sell_to_close,long,174.1460,175.9253,11.4846,2000.00,1.0217,20.43,Trailing stop triggered at $176.0828 (locking in 0.99% profit),1680.0,Momentum Trading,0.1218,0.0000,0.0000
2023-01-17,2023-01-17T10:34:00,2023-01-17T10:54:00,SOFI,buy_to_open,sell_to_close,long,5.6114,5.6570,356.4173,2000.00,0.8126,16.25,Trailing stop triggered at $5.6623 (locking in 0.82% profit),1200.0,Momentum Trading,0.0891,0.0000,0.0000
2023-01-18,2023-01-18T09:39:00,2023-01-18T09:44:00,COIN,buy_to_open,sell_to_close,long,55.1226,56.1190,36.2828,2000.00,1.8076,36.15,Trailing stop triggered at $56.1876 (locking in 1.83% profit),300.0,Momentum Trading,0.1016,0.0000,0.0000
2023-01-18,2023-01-18T10:15:00,2023-01-18T10:32:00,COIN,buy_to_open,sell_to_close,long,57.1209,54.8357,35.0134,2000.00,-4.0006,-80.01,ATR stop loss: -4.20% (threshold: -4.00%),1020.0,Momentum Trading,0.2486,0.0000,0.0000
2023-01-24,2023-01-24T09:51:00,2023-01-24T10:52:00,SOFI,buy_to_open,sell_to_close,long,5.9630,5.7852,335.4016,2000.00,-2.9816,-59.63,max_hold_60min,3660.0,Momentum Trading,0.1007,0.0000,0.0000
2023-01-27,2023-01-27T10:00:00,2023-01-27T11:01:00,SOFI,buy_to_open,sell_to_close,long,5.8240,5.7803,343.4066,2000.00,-0.7502,-15.00,max_hold_60min,3660.0,Momentum Trading,0.1375,0.0000,0.0000
2023-01-27,2023-01-27T10:47:00,2023-01-27T10:59:00,COIN,buy_to_open,sell_to_close,long,56.5825,56.9230,35.3466,2000.00,0.6018,12.04,Trailing stop triggered at $57.0085 (locking in 0.63% profit),720.0,Momentum Trading,0.1203,0.0000,0.0000
2023-01-27,2023-01-27T11:56:00,2023-01-27T12:27:00,COIN,buy_to_open,sell_to_close,long,58.6940,59.9010,34.0750,2000.00,2.0565,41.13,Trailing stop triggered at $59.9935 (locking in 2.03% profit),1860.0,Momentum Trading,0.1841,0.0000,0.0000
2023-01-27,2023-01-27T12:27:00,2023-01-27T12:41:00,RIVN,buy_to_open,sell_to_close,long,19.4005,19.6470,103.0901,2000.00,1.2703,25.41,Trailing stop triggered at $19.6760 (locking in 1.31% profit),840.0,Momentum Trading,0.1083,0.0000,0.0000
2023-01-27,2023-01-27T12:57:00,2023-01-27T13:01:00,RIVN,buy_to_open,sell_to_close,long,19.6810,19.8100,101.6209,2000.00,0.6555,13.11,Trailing stop triggered at $19.8474 (locking in 0.78% profit),240.0,Momentum Trading,0.0610,0.0000,0.0000
2023-01-27,2023-01-27T13:12:00,2023-01-27T13:24:00,RIVN,buy_to_open,sell_to_close,long,20.1750,20.4640,99.1326,2000.00,1.4325,28.65,Trailing stop triggered at $20.5276 (locking in 1.60% profit),720.0,Momentum Trading,0.1488,0.0000,0.0000
2023-01-30,2023-01-30T09:34:00,2023-01-30T09:40:00,SOFI,buy_to_open,sell_to_close,long,6.7301,6.4209,297.1742,2000.00,-4.5937,-91.87,ATR stop loss: -5.03% (threshold: -4.00%),360.0,Momentum Trading,0.5949,0.0000,0.0000
2023-01-31,2023-01-31T10:46:00,2023-01-31T10:52:00,RIVN,buy_to_open,sell_to_close,long,18.6596,18.8780,107.1834,2000.00,1.1704,23.41,Trailing stop triggered at $18.9140 (locking in 1.26% profit),360.0,Momentum Trading,0.1029,0.0000,0.0000
2023-01-31,2023-01-31T10:48:00,2023-01-31T11:03:00,PLTR,buy_to_open,sell_to_close,long,7.6378,7.6849,261.8555,2000.00,0.6168,12.34,Trailing stop triggered at $7.7068 (locking in 0.81% profit),900.0,Momentum Trading,0.0943,0.0000,0.0000
2023-01-31,2023-01-31T10:50:00,2023-01-31T11:05:00,COIN,buy_to_open,sell_to_close,long,58.2410,58.6641,34.3401,2000.00,0.7265,14.53,Trailing stop triggered at $58.7931 (locking in 0.81% profit),900.0,Momentum Trading,0.1409,0.0000,0.0000
2023-01-31,2023-01-31T11:03:00,2023-01-31T12:04:00,PLTR,buy_to_open,sell_to_close,long,7.6949,7.6469,259.9127,2000.00,-0.6237,-12.47,max_hold_60min,3660.0,Momentum Trading,0.1298,0.0000,0.0000
2023-01-31,2023-01-31T11:05:00,2023-01-31T12:06:00,RIVN,buy_to_open,sell_to_close,long,19.1952,18.9765,104.1927,2000.00,-1.1393,-22.79,max_hold_60min,3660.0,Momentum Trading,0.2608,0.0000,0.0000
2023-01-31,2023-01-31T12:52:00,2023-01-31T13:06:00,COIN,buy_to_open,sell_to_close,long,59.8067,60.1485,33.4411,2000.00,0.5715,11.43,Trailing stop triggered at $60.1590 (locking in 0.54% profit),840.0,Momentum Trading,0.0535,0.0000,0.0000
2023-02-01,2023-02-01T14:35:00,2023-02-01T14:58:00,COIN,buy_to_open,sell_to_close,long,58.2460,61.2805,34.3371,2000.00,5.2098,104.20,Trend reversal detected: dropped 1.06% from peak $61.9900 (locking in 5.06% profit),1380.0,Momentum Trading,0.2269,0.0000,0.0000
2023-02-02,2023-02-02T10:02:00,2023-02-02T10:48:00,UBER,buy_to_open,sell_to_close,long,32.9210,33.1260,60.7515,2000.00,0.6227,12.45,Trailing stop triggered at $33.1702 (locking in 0.69% profit),2760.0,Momentum Trading,0.0668,0.0000,0.0000
2023-02-02,2023-02-02T10:15:00,2023-02-02T10:44:00,SNAP,buy_to_open,sell_to_close,long,11.3510,11.4800,176.1959,2000.00,1.1365,22.73,Trailing stop triggered at $11.5088 (locking in 1.19% profit),1740.0,Momentum Trading,0.1940,0.0000,0.0000
2023-02-02,2023-02-02T11:12:00,2023-02-02T12:13:00,RIVN,buy_to_open,sell_to_close,long,21.7680,21.1156,91.8780,2000.00,-2.9971,-59.94,max_hold_60min,3660.0,Momentum Trading,0.1655,0.0000,0.0000
2023-02-03,2023-02-03T10:00:00,2023-02-03T10:25:00,TSLA,buy_to_open,sell_to_close,long,194.6590,197.2501,10.2744,2000.00,1.3311,26.62,Trailing stop triggered at $197.7060 (locking in 1.30% profit),1500.0,Momentum Trading,0.2665,0.0000,0.0000
2023-02-03,2023-02-03T10:07:00,2023-02-03T10:48:00,AAPL,buy_to_open,sell_to_close,long,153.3620,156.2870,13.0410,2000.00,1.9073,38.15,Trailing stop triggered at $156.5234 (locking in 1.98% profit),2460.0,Momentum Trading,0.0809,0.0000,0.0000
2023-02-03,2023-02-03T10:11:00,2023-02-03T10:19:00,UBER,buy_to_open,sell_to_close,long,33.1682,33.3980,60.2987,2000.00,0.6928,13.86,Trailing stop triggered at $33.4394 (locking in 0.78% profit),480.0,Momentum Trading,0.0362,0.0000,0.0000
2023-02-03,2023-02-03T10:26:00,2023-02-03T10:49:00,COIN,buy_to_open,sell_to_close,long,82.3779,86.2951,24.2783,2000.00,4.7551,95.10,Trend reversal detected: dropped 0.83% from peak $87.1201 (locking in 4.40% profit),1380.0,Momentum Trading,0.4574,0.0000,0.0000
2023-02-03,2023-02-03T10:57:00,2023-02-03T11:18:00,RIVN,buy_to_open,sell_to_close,long,20.8003,21.0969,96.1525,2000.00,1.4262,28.52,Trailing stop triggered at $21.1550 (locking in 1.57% profit),1260.0,Momentum Trading,0.1346,0.0000,0.0000
2023-02-03,2023-02-03T11:14:00,2023-02-03T12:00:00,COIN,buy_to_open,sell_to_close,long,85.3860,81.4669,23.4230,2000.00,-4.5899,-91.80,ATR stop loss: -4.79% (threshold: -4.00%),2760.0,Momentum Trading,0.2486,0.0000,0.0000
2023-02-06,2023-02-06T10:10:00,2023-02-06T11:02:00,SNAP,buy_to_open,sell_to_close,long,11.4450,11.6790,174.7488,2000.00,2.0446,40.89,Trailing stop triggered at $11.6867 (locking in 2.02% profit),3120.0,Momentum Trading,0.0874,0.0000,0.0000
2023-02-07,2023-02-07T13:02:00,2023-02-07T14:03:00,PLTR,buy_to_open,sell_to_close,long,8.2990,8.1730,240.9929,2000.00,-1.5183,-30.37,max_hold_60min,3660.0,Momentum Trading,0.0964,0.0000,0.0000
2023-02-09,2023-02-09T10:24:00,2023-02-09T11:25:00,TSLA,buy_to_open,sell_to_close,long,212.2986,210.0660,9.4207,2000.00,-1.0516,-21.03,max_hold_60min,3660.0,Momentum Trading,0.0943,0.0000,0.0000
2023-02-09,2023-02-09T13:32:00,2023-02-09T14:33:00,COIN,buy_to_open,sell_to_close,long,63.0090,60.5690,31.7415,2000.00,-3.8724,-77.45,max_hold_60min,3660.0,Momentum Trading,0.0921,0.0000,0.0000
2023-02-14,2023-02-14T10:11:00,2023-02-14T11:12:00,BA,buy_to_open,sell_to_close,long,220.4690,217.2880,9.0716,2000.00,-1.4428,-28.86,max_hold_60min,3660.0,Momentum Trading,0.0853,0.0000,0.0000
2023-02-14,2023-02-14T10:11:00,2023-02-14T10:36:00,RIVN,buy_to_open,sell_to_close,long,19.6401,18.8849,101.8325,2000.00,-3.8449,-76.90,ATR stop loss: -4.02% (threshold: -4.00%),1500.0,Momentum Trading,0.2049,0.0000,0.0000
2023-02-14,2023-02-14T10:11:00,2023-02-14T11:12:00,SNAP,buy_to_open,sell_to_close,long,11.0545,10.7750,180.9218,2000.00,-2.5284,-50.57,max_hold_60min,3660.0,Momentum Trading,0.0814,0.0000,0.0000
2023-02-15,2023-02-15T09:53:00,2023-02-15T10:24:00,SOFI,buy_to_open,sell_to_close,long,7.0120,7.1226,285.2253,2000.00,1.5773,31.55,Trailing stop triggered at $7.1264 (locking in 1.43% profit),1860.0,Momentum Trading,0.1999,0.0000,0.0000
2023-02-15,2023-02-15T10:30:00,2023-02-15T11:31:00,RIVN,buy_to_open,sell_to_close,long,20.1430,20.5335,99.2901,2000.00,1.9386,38.77,max_hold_60min,3660.0,Momentum Trading,0.1292,0.0000,0.0000
2023-02-15,2023-02-15T10:42:00,2023-02-15T11:43:00,SOFI,buy_to_open,sell_to_close,long,7.1970,7.2176,277.8936,2000.00,0.2862,5.72,max_hold_60min,3660.0,Momentum Trading,0.0556,0.0000,0.0000
2023-02-15,2023-02-15T14:19:00,2023-02-15T14:33:00,COIN,buy_to_open,sell_to_close,long,66.8340,67.3590,29.9249,2000.00,0.7855,15.71,Trailing stop triggered at $67.4371 (locking in 0.77% profit),840.0,Momentum Trading,0.1317,0.0000,0.0000
2023-02-16,2023-02-16T10:51:00,2023-02-16T11:52:00,PLTR,buy_to_open,sell_to_close,long,10.1990,10.0680,196.0977,2000.00,-1.2844,-25.69,max_hold_60min,3660.0,Momentum Trading,0.1766,0.0000,0.0000
2023-02-16,2023-02-16T11:09:00,2023-02-16T12:10:00,COIN,buy_to_open,sell_to_close,long,71.1710,71.3651,28.1013,2000.00,0.2727,5.45,max_hold_60min,3660.0,Momentum Trading,0.2025,0.0000,0.0000
2023-02-22,2023-02-22T09:37:00,2023-02-22T09:48:00,COIN,buy_to_open,sell_to_close,long,64.2273,66.3068,31.1394,2000.00,3.2377,64.75,Trailing stop triggered at $66.4785 (locking in 3.22% profit),660.0,Momentum Trading,0.2806,0.0000,0.0000
2023-02-22,2023-02-22T14:00:00,2023-02-22T15:00:00,COIN,buy_to_open,sell_to_close,long,59.7470,58.5950,33.4745,2000.00,-1.9281,-38.56,force_close_eod,3600.0,Momentum Trading,0.2917,0.0000,0.0000
2023-02-27,2023-02-27T10:25:00,2023-02-27T11:26:00,COIN,buy_to_open,sell_to_close,long,60.5895,58.9030,33.0090,2000.00,-2.7835,-55.67,max_hold_60min,3660.0,Momentum Trading,0.1139,0.0000,0.0000
2023-02-28,2023-02-28T10:28:00,2023-02-28T11:11:00,COIN,buy_to_open,sell_to_close,long,63.0500,64.0600,31.7209,2000.00,1.6019,32.04,Trailing stop triggered at $64.1922 (locking in 1.62% profit),2580.0,Momentum Trading,0.1905,0.0000,0.0000
2023-03-03,2023-03-03T09:57:00,2023-03-03T10:50:00,PLTR,buy_to_open,sell_to_close,long,8.2671,8.3271,241.9228,2000.00,0.7253,14.51,Trailing stop triggered at $8.3449 (locking in 0.82% profit),3180.0,Momentum Trading,0.1210,0.0000,0.0000
2023-03-03,2023-03-03T10:00:00,2023-03-03T10:21:00,RIVN,buy_to_open,sell_to_close,long,16.5890,16.7647,120.5618,2000.00,1.0591,21.18,Trailing stop triggered at $16.7776 (locking in 0.97% profit),1260.0,Momentum Trading,0.1689,0.0000,0.0000
2023-03-06,2023-03-06T10:11:00,2023-03-06T10:34:00,SNAP,buy_to_open,sell_to_close,long,11.8892,11.9925,168.2199,2000.00,0.8689,17.38,Trailing stop triggered at $12.0216 (locking in 0.99% profit),1380.0,Momentum Trading,0.1246,0.0000,0.0000
2023-03-06,2023-03-06T10:37:00,2023-03-06T11:20:00,COIN,buy_to_open,sell_to_close,long,68.6820,69.2491,29.1197,2000.00,0.8256,16.51,Trailing stop triggered at $69.4311 (locking in 0.91% profit),2580.0,Momentum Trading,0.1807,0.0000,0.0000
2023-03-07,2023-03-07T10:11:00,2023-03-07T10:23:00,SNAP,buy_to_open,sell_to_close,long,12.3210,12.4879,162.3245,2000.00,1.3546,27.09,Trailing stop triggered at $12.4948 (locking in 1.23% profit),720.0,Momentum Trading,0.1787,0.0000,0.0000
2023-03-08,2023-03-08T11:01:00,2023-03-08T12:02:00,COIN,buy_to_open,sell_to_close,long,64.6910,63.7463,30.9162,2000.00,-1.4603,-29.21,max_hold_60min,3660.0,Momentum Trading,0.1268,0.0000,0.0000
2023-03-09,2023-03-09T10:17:00,2023-03-09T11:18:00,INTC,buy_to_open,sell_to_close,long,26.7415,26.8880,74.7901,2000.00,0.5478,10.96,max_hold_60min,3660.0,Momentum Trading,0.0860,0.0000,0.0000
2023-03-10,2023-03-10T10:04:00,2023-03-10T11:05:00,SNAP,sell_to_open,buy_to_close,short,10.4110,10.5515,192.1045,2000.00,-1.3495,-26.99,max_hold_60min,3660.0,Momentum Trading,0.0768,0.0000,0.0000
2023-03-10,2023-03-10T11:36:00,2023-03-10T12:37:00,PLTR,buy_to_open,sell_to_close,long,7.6469,7.4593,261.5439,2000.00,-2.4533,-49.07,max_hold_60min,3660.0,Momentum Trading,0.1309,0.0000,0.0000
2023-03-13,2023-03-13T09:30:00,2023-03-13T10:19:00,SOFI,buy_to_open,sell_to_close,long,5.4285,5.4900,368.4259,2000.00,1.1336,22.67,Trailing stop triggered at $5.5129 (locking in 1.42% profit),2940.0,Momentum Trading,0.1290,0.0000,0.0000
2023-03-13,2023-03-13T10:30:00,2023-03-13T11:31:00,PLTR,buy_to_open,sell_to_close,long,8.1075,7.8985,246.6852,2000.00,-2.5779,-51.56,max_hold_60min,3660.0,Momentum Trading,0.0617,0.0000,0.0000
2023-03-13,2023-03-13T13:10:00,2023-03-13T14:11:00,COIN,buy_to_open,sell_to_close,long,60.3410,60.3421,33.1450,2000.00,0.0018,0.04,max_hold_60min,3660.0,Momentum Trading,0.1360,0.0000,0.0000
2023-03-15,2023-03-15T10:27:00,2023-03-15T11:28:00,COIN,buy_to_open,sell_to_close,long,64.7710,63.2392,30.8780,2000.00,-2.3650,-47.30,max_hold_60min,3660.0,Momentum Trading,0.0649,0.0000,0.0000
2023-03-16,2023-03-16T14:31:00,2023-03-16T15:00:00,COIN,buy_to_open,sell_to_close,long,68.0000,67.7020,29.4118,2000.00,-0.4382,-8.76,force_close_eod,1740.0,Momentum Trading,0.1472,0.0000,0.0000
2023-03-17,2023-03-17T09:32:00,2023-03-17T10:33:00,COIN,buy_to_open,sell_to_close,long,72.9145,72.6767,27.4294,2000.00,-0.3261,-6.52,max_hold_60min,3660.0,Momentum Trading,0.1647,0.0000,0.0000
2023-03-31,2023-03-31T09:43:00,2023-03-31T10:44:00,RIVN,buy_to_open,sell_to_close,long,15.2530,15.2630,131.1217,2000.00,0.0656,1.31,max_hold_60min,3660.0,Momentum Trading,0.0393,0.0000,0.0000
2023-03-31,2023-03-31T09:50:00,2023-03-31T10:27:00,SOFI,buy_to_open,sell_to_close,long,6.0710,6.1175,329.4356,2000.00,0.7669,15.34,Trailing stop triggered at $6.1365 (locking in 0.85% profit),2220.0,Momentum Trading,0.2305,0.0000,0.0000
2023-04-06,2023-04-06T09:30:00,2023-04-06T10:24:00,COIN,buy_to_open,sell_to_close,long,60.8238,61.2430,32.8818,2000.00,0.6891,13.78,Trailing stop triggered at $61.3454 (locking in 0.71% profit),3240.0,Momentum Trading,0.1446,0.0000,0.0000
2023-04-10,2023-04-10T09:36:00,2023-04-10T10:23:00,COIN,buy_to_open,sell_to_close,long,62.4160,63.1960,32.0431,2000.00,1.2497,24.99,Trailing stop triggered at $63.3131 (locking in 1.29% profit),2820.0,Momentum Trading,0.1475,0.0000,0.0000
2023-04-27,2023-04-27T09:36:00,2023-04-27T10:37:00,SOFI,buy_to_open,sell_to_close,long,6.1705,6.0163,324.1228,2000.00,-2.4990,-49.98,max_hold_60min,3660.0,Momentum Trading,0.1784,0.0000,0.0000
2023-04-28,2023-04-28T09:31:00,2023-04-28T10:32:00,RIVN,buy_to_open,sell_to_close,long,12.8580,12.8685,155.5452,2000.00,0.0817,1.63,max_hold_60min,3660.0,Momentum Trading,0.1245,0.0000,0.0000
2023-04-28,2023-04-28T09:38:00,2023-04-28T09:55:00,SOFI,buy_to_open,sell_to_close,long,6.2018,6.2510,322.4896,2000.00,0.7941,15.88,Trailing stop triggered at $6.2698 (locking in 1.04% profit),1020.0,Momentum Trading,0.0565,0.0000,0.0000
2023-05-02,2023-05-02T09:49:00,2023-05-02T09:55:00,COIN,buy_to_open,sell_to_close,long,50.1410,50.4912,39.8875,2000.00,0.6984,13.97,Trailing stop triggered at $50.7460 (locking in 1.10% profit),360.0,Momentum Trading,0.1038,0.0000,0.0000
2023-05-02,2023-05-02T09:56:00,2023-05-02T10:40:00,COIN,buy_to_open,sell_to_close,long,50.6053,51.3100,39.5216,2000.00,1.3926,27.85,Trailing stop triggered at $51.3936 (locking in 1.42% profit),2640.0,Momentum Trading,0.1395,0.0000,0.0000
2023-05-04,2023-05-04T10:20:00,2023-05-04T11:21:00,RIVN,buy_to_open,sell_to_close,long,12.9498,12.9994,154.4425,2000.00,0.3834,7.67,max_hold_60min,3660.0,Momentum Trading,0.0309,0.0000,0.0000
2023-05-08,2023-05-08T10:27:00,2023-05-08T11:12:00,COIN,buy_to_open,sell_to_close,long,56.5450,57.2248,35.3701,2000.00,1.2023,24.05,Trailing stop triggered at $57.3516 (locking in 1.29% profit),2700.0,Momentum Trading,0.1379,0.0000,0.0000
2023-05-08,2023-05-08T11:34:00,2023-05-08T12:35:00,SOFI,buy_to_open,sell_to_close,long,5.4551,5.4540,366.6294,2000.00,-0.0202,-0.40,max_hold_60min,3660.0,Momentum Trading,0.1468,0.0000,0.0000
2023-05-17,2023-05-17T10:08:00,2023-05-17T11:09:00,SNAP,buy_to_open,sell_to_close,long,9.1800,9.1880,217.8649,2000.00,0.0873,1.75,max_hold_60min,3660.0,Momentum Trading,0.1090,0.0000,0.0000
2023-05-17,2023-05-17T10:11:00,2023-05-17T10:32:00,PLTR,buy_to_open,sell_to_close,long,9.8671,9.9273,202.6940,2000.00,0.6099,12.20,Trailing stop triggered at $9.9451 (locking in 0.73% profit),1260.0,Momentum Trading,0.0606,0.0000,0.0000
2023-05-18,2023-05-18T09:32:00,2023-05-18T09:49:00,SNAP,buy_to_open,sell_to_close,long,9.5472,9.6032,209.4855,2000.00,0.5865,11.73,Trailing stop triggered at $9.6110 (locking in 0.57% profit),1020.0,Momentum Trading,0.0943,0.0000,0.0000
2023-05-26,2023-05-26T09:33:00,2023-05-26T10:34:00,COIN,buy_to_open,sell_to_close,long,58.5390,57.5583,34.1653,2000.00,-1.6753,-33.51,max_hold_60min,3660.0,Momentum Trading,0.0649,0.0000,0.0000
2023-05-30,2023-05-30T13:42:00,2023-05-30T14:43:00,SOFI,buy_to_open,sell_to_close,long,6.0022,6.0204,333.2112,2000.00,0.3032,6.06,max_hold_60min,3660.0,Momentum Trading,0.1000,0.0000,0.0000
2023-05-31,2023-05-31T09:57:00,2023-05-31T10:46:00,SOFI,buy_to_open,sell_to_close,long,6.7000,6.7967,298.5075,2000.00,1.4433,28.87,Trailing stop triggered at $6.8047 (locking in 1.26% profit),2940.0,Momentum Trading,0.2990,0.0000,0.0000
2023-05-31,2023-05-31T09:58:00,2023-05-31T10:59:00,INTC,buy_to_open,sell_to_close,long,31.4570,31.1650,63.5789,2000.00,-0.9283,-18.57,max_hold_60min,3660.0,Momentum Trading,0.0763,0.0000,0.0000
2023-06-01,2023-06-01T11:35:00,2023-06-01T12:36:00,COIN,buy_to_open,sell_to_close,long,65.3683,65.1534,30.5959,2000.00,-0.3287,-6.57,max_hold_60min,3660.0,Momentum Trading,0.0551,0.0000,0.0000
2023-06-06,2023-06-06T09:48:00,2023-06-06T10:49:00,SOFI,buy_to_open,sell_to_close,long,7.5425,7.5619,265.1641,2000.00,0.2572,5.14,max_hold_60min,3660.0,Momentum Trading,0.1061,0.0000,0.0000
2023-06-08,2023-06-08T10:06:00,2023-06-08T11:07:00,PLTR,buy_to_open,sell_to_close,long,15.4733,15.4608,129.2549,2000.00,-0.0808,-1.62,max_hold_60min,3660.0,Momentum Trading,0.1552,0.0000,0.0000
2023-06-12,2023-06-12T10:27:00,2023-06-12T11:28:00,RIVN,buy_to_open,sell_to_close,long,14.5488,14.1532,137.4687,2000.00,-2.7189,-54.38,max_hold_60min,3660.0,Momentum Trading,0.0518,0.0000,0.0000
2023-06-13,2023-06-13T10:21:00,2023-06-13T10:40:00,SOFI,buy_to_open,sell_to_close,long,9.3041,9.3641,214.9590,2000.00,0.6449,12.90,Trailing stop triggered at $9.3818 (locking in 0.75% profit),1140.0,Momentum Trading,0.0860,0.0000,0.0000
2023-06-14,2023-06-14T14:06:00,2023-06-14T15:00:00,COIN,buy_to_open,sell_to_close,long,54.0151,53.9000,37.0266,2000.00,-0.2132,-4.26,force_close_eod,3240.0,Momentum Trading,0.0561,0.0000,0.0000
2023-06-20,2023-06-20T11:46:00,2023-06-20T12:47:00,COIN,buy_to_open,sell_to_close,long,56.2903,56.7628,35.5301,2000.00,0.8394,16.79,max_hold_60min,3660.0,Momentum Trading,0.0533,0.0000,0.0000
2023-06-27,2023-06-27T09:42:00,2023-06-27T10:43:00,COIN,buy_to_open,sell_to_close,long,65.9480,66.0340,30.3269,2000.00,0.1304,2.61,max_hold_60min,3660.0,Momentum Trading,0.1791,0.0000,0.0000
2023-06-28,2023-06-28T09:55:00,2023-06-28T10:56:00,PLTR,buy_to_open,sell_to_close,long,15.2550,15.1625,131.1046,2000.00,-0.6064,-12.13,max_hold_60min,3660.0,Momentum Trading,0.1969,0.0000,0.0000
2023-07-03,2023-07-03T10:41:00,2023-07-03T11:42:00,COIN,buy_to_open,sell_to_close,long,80.0760,79.1252,24.9763,2000.00,-1.1874,-23.75,max_hold_60min,3660.0,Momentum Trading,0.0600,0.0000,0.0000
2023-07-06,2023-07-06T10:57:00,2023-07-06T11:11:00,RIVN,buy_to_open,sell_to_close,long,20.7375,20.9743,96.4436,2000.00,1.1419,22.84,Trailing stop triggered at $20.9857 (locking in 1.12% profit),840.0,Momentum Trading,0.0724,0.0000,0.0000
2023-07-07,2023-07-07T10:26:00,2023-07-07T10:31:00,RIVN,buy_to_open,sell_to_close,long,24.2813,24.4690,82.3679,2000.00,0.7730,15.46,Trailing stop triggered at $24.4963 (locking in 0.69% profit),300.0,Momentum Trading,0.1979,0.0000,0.0000
2023-07-07,2023-07-07T10:44:00,2023-07-07T11:01:00,RIVN,buy_to_open,sell_to_close,long,24.3745,24.5700,82.0530,2000.00,0.8021,16.04,Trailing stop triggered at $24.5860 (locking in 0.58% profit),1020.0,Momentum Trading,0.2835,0.0000,0.0000
2023-07-10,2023-07-10T09:42:00,2023-07-10T10:43:00,PLTR,buy_to_open,sell_to_close,long,15.5089,15.8004,128.9582,2000.00,1.8796,37.59,max_hold_60min,3660.0,Momentum Trading,0.1032,0.0000,0.0000
2023-07-11,2023-07-11T09:34:00,2023-07-11T10:35:00,PLTR,buy_to_open,sell_to_close,long,16.7897,16.5715,119.1207,2000.00,-1.2994,-25.99,max_hold_60min,3660.0,Momentum Trading,0.0834,0.0000,0.0000
2023-07-13,2023-07-13T14:52:00,2023-07-13T15:00:00,COIN,buy_to_open,sell_to_close,long,107.5732,106.6480,18.5920,2000.00,-0.8600,-17.20,force_close_eod,480.0,Momentum Trading,0.1582,0.0000,0.0000
2023-07-17,2023-07-17T12:36:00,2023-07-17T13:37:00,SNAP,buy_to_open,sell_to_close,long,13.3145,13.4370,150.2122,2000.00,0.9200,18.40,max_hold_60min,3660.0,Momentum Trading,0.0676,0.0000,0.0000
2023-07-20,2023-07-20T11:01:00,2023-07-20T12:02:00,RIVN,buy_to_open,sell_to_close,long,25.5605,25.3950,78.2457,2000.00,-0.6475,-12.95,max_hold_60min,3660.0,Momentum Trading,0.0822,0.0000,0.0000
2023-07-21,2023-07-21T10:15:00,2023-07-21T11:16:00,RIVN,buy_to_open,sell_to_close,long,24.9819,24.8390,80.0580,2000.00,-0.5720,-11.44,max_hold_60min,3660.0,Momentum Trading,0.1763,0.0000,0.0000
2023-08-17,2023-08-17T10:18:00,2023-08-17T10:49:00,RIVN,buy_to_open,sell_to_close,long,21.4873,21.6395,93.0784,2000.00,0.7085,14.17,Trailing stop triggered at $21.7047 (locking in 0.94% profit),1860.0,Momentum Trading,0.0676,0.0000,0.0000
2023-08-18,2023-08-18T09:50:00,2023-08-18T10:51:00,SOFI,buy_to_open,sell_to_close,long,8.2030,8.2028,243.8132,2000.00,-0.0023,-0.05,max_hold_60min,3660.0,Momentum Trading,0.0732,0.0000,0.0000
2023-08-22,2023-08-22T12:04:00,2023-08-22T13:05:00,COIN,buy_to_open,sell_to_close,long,75.9376,75.1112,26.3374,2000.00,-1.0882,-21.76,max_hold_60min,3660.0,Momentum Trading,0.0463,0.0000,0.0000
2023-08-29,2023-08-29T09:51:00,2023-08-29T10:52:00,PLTR,buy_to_open,sell_to_close,long,15.4930,15.5155,129.0906,2000.00,0.1452,2.90,max_hold_60min,3660.0,Momentum Trading,0.0904,0.0000,0.0000
2023-09-07,2023-09-07T09:51:00,2023-09-07T10:52:00,COIN,buy_to_open,sell_to_close,long,78.8370,78.7110,25.3688,2000.00,-0.1598,-3.20,max_hold_60min,3660.0,Momentum Trading,0.0939,0.0000,0.0000
2023-09-27,2023-09-27T13:45:00,2023-09-27T14:46:00,RIVN,buy_to_open,sell_to_close,long,23.0890,23.0185,86.6213,2000.00,-0.3053,-6.11,max_hold_60min,3660.0,Momentum Trading,0.0780,0.0000,0.0000
2023-10-02,2023-10-02T10:32:00,2023-10-02T11:33:00,RIVN,buy_to_open,sell_to_close,long,24.7396,24.3210,80.8421,2000.00,-1.6919,-33.84,max_hold_60min,3660.0,Momentum Trading,0.0372,0.0000,0.0000
2023-10-10,2023-10-10T09:45:00,2023-10-10T10:46:00,COIN,buy_to_open,sell_to_close,long,81.3270,80.4823,24.5921,2000.00,-1.0386,-20.77,max_hold_60min,3660.0,Momentum Trading,0.0664,0.0000,0.0000
2023-10-16,2023-10-16T09:34:00,2023-10-16T10:35:00,PLTR,buy_to_open,sell_to_close,long,17.3215,17.3570,115.4634,2000.00,0.2050,4.10,max_hold_60min,3660.0,Momentum Trading,0.1155,0.0000,0.0000
2023-10-26,2023-10-26T09:53:00,2023-10-26T10:54:00,SNAP,buy_to_open,sell_to_close,long,9.4230,9.2835,212.2466,2000.00,-1.4804,-29.61,max_hold_60min,3660.0,Momentum Trading,0.0637,0.0000,0.0000
2023-11-02,2023-11-02T10:15:00,2023-11-02T11:16:00,COIN,buy_to_open,sell_to_close,long,83.8535,83.4050,23.8511,2000.00,-0.5349,-10.70,max_hold_60min,3660.0,Momentum Trading,0.0799,0.0000,0.0000
2023-11-02,2023-11-02T10:29:00,2023-11-02T11:05:00,RIVN,buy_to_open,sell_to_close,long,17.4460,17.6570,114.6395,2000.00,1.2095,24.19,Trailing stop triggered at $17.6641 (locking in 1.18% profit),2160.0,Momentum Trading,0.0688,0.0000,0.0000
2023-11-09,2023-11-09T09:39:00,2023-11-09T09:44:00,COIN,buy_to_open,sell_to_close,long,94.8299,96.1320,21.0904,2000.00,1.3730,27.46,Trailing stop triggered at $96.3182 (locking in 1.38% profit),300.0,Momentum Trading,0.1899,0.0000,0.0000
2023-11-10,2023-11-10T11:19:00,2023-11-10T12:20:00,PLTR,buy_to_open,sell_to_close,long,19.3710,19.3395,103.2471,2000.00,-0.1626,-3.25,max_hold_60min,3660.0,Momentum Trading,0.1136,0.0000,0.0000
2023-11-15,2023-11-15T10:51:00,2023-11-15T11:00:00,RIVN,buy_to_open,sell_to_close,long,17.3902,17.6487,115.0071,2000.00,1.4863,29.73,Trailing stop triggered at $17.6591 (locking in 1.43% profit),540.0,Momentum Trading,0.1097,0.0000,0.0000
2023-11-20,2023-11-20T10:10:00,2023-11-20T11:11:00,COIN,buy_to_open,sell_to_close,long,103.2310,103.1422,19.3740,2000.00,-0.0860,-1.72,max_hold_60min,3660.0,Momentum Trading,0.1512,0.0000,0.0000
2023-11-21,2023-11-21T09:42:00,2023-11-21T09:51:00,PLTR,buy_to_open,sell_to_close,long,21.4723,20.5785,93.1433,2000.00,-4.1626,-83.25,ATR stop loss: -4.36% (threshold: -4.00%),540.0,Momentum Trading,0.2518,0.0000,0.0000
2023-11-24,2023-11-24T10:24:00,2023-11-24T10:43:00,COIN,buy_to_open,sell_to_close,long,113.8650,115.0740,17.5647,2000.00,1.0618,21.24,Trailing stop triggered at $115.1682 (locking in 1.01% profit),1140.0,Momentum Trading,0.1318,0.0000,0.0000
2023-11-27,2023-11-27T10:32:00,2023-11-27T11:33:00,COIN,buy_to_open,sell_to_close,long,118.7587,119.1780,16.8409,2000.00,0.3531,7.06,max_hold_60min,3660.0,Momentum Trading,0.0893,0.0000,0.0000
2023-11-27,2023-11-27T10:33:00,2023-11-27T11:34:00,RIVN,buy_to_open,sell_to_close,long,16.7065,16.6166,119.7139,2000.00,-0.5381,-10.76,max_hold_60min,3660.0,Momentum Trading,0.0599,0.0000,0.0000
2023-11-27,2023-11-27T10:41:00,2023-11-27T11:42:00,SOFI,buy_to_open,sell_to_close,long,7.1725,7.0370,278.8428,2000.00,-1.8892,-37.78,max_hold_60min,3660.0,Momentum Trading,0.0697,0.0000,0.0000
2023-11-29,2023-11-29T10:04:00,2023-11-29T11:05:00,RIVN,buy_to_open,sell_to_close,long,18.2045,17.8520,109.8629,2000.00,-1.9363,-38.73,max_hold_60min,3660.0,Momentum Trading,0.0769,0.0000,0.0000
2023-11-29,2023-11-29T10:05:00,2023-11-29T11:06:00,SOFI,buy_to_open,sell_to_close,long,7.6260,7.6415,262.2607,2000.00,0.2036,4.07,max_hold_60min,3660.0,Momentum Trading,0.1575,0.0000,0.0000
2023-11-30,2023-11-30T09:37:00,2023-11-30T09:40:00,SNAP,buy_to_open,sell_to_close,long,13.9210,14.0145,143.6678,2000.00,0.6716,13.43,Trailing stop triggered at $14.0577 (locking in 0.75% profit),180.0,Momentum Trading,0.2301,0.0000,0.0000
2023-12-01,2023-12-01T10:09:00,2023-12-01T10:48:00,SOFI,buy_to_open,sell_to_close,long,7.4240,7.4648,269.3966,2000.00,0.5496,10.99,Trailing stop triggered at $7.4925 (locking in 0.81% profit),2340.0,Momentum Trading,0.1078,0.0000,0.0000
2023-12-04,2023-12-04T12:07:00,2023-12-04T13:08:00,COIN,buy_to_open,sell_to_close,long,143.2339,143.2750,13.9632,2000.00,0.0287,0.57,max_hold_60min,3660.0,Momentum Trading,0.1172,0.0000,0.0000
2023-12-06,2023-12-06T10:30:00,2023-12-06T10:36:00,RIVN,buy_to_open,sell_to_close,long,18.7495,18.9870,106.6695,2000.00,1.2667,25.33,Trailing stop triggered at $19.0136 (locking in 1.20% profit),360.0,Momentum Trading,0.2082,0.0000,0.0000
2023-12-07,2023-12-07T10:02:00,2023-12-07T10:33:00,COIN,buy_to_open,sell_to_close,long,135.6600,137.7310,14.7427,2000.00,1.5266,30.53,Trailing stop triggered at $137.8043 (locking in 1.51% profit),1860.0,Momentum Trading,0.0737,0.0000,0.0000
2023-12-13,2023-12-13T14:56:00,2023-12-13T15:00:00,SOFI,buy_to_open,sell_to_close,long,8.5870,8.6250,232.9113,2000.00,0.4430,8.86,force_close_eod,240.0,Momentum Trading,0.1622,0.0000,0.0000
2023-12-14,2023-12-14T09:45:00,2023-12-14T10:06:00,SOFI,buy_to_open,sell_to_close,long,9.5959,9.6775,208.4223,2000.00,0.8504,17.01,Trailing stop triggered at $9.8030 (locking in 1.82% profit),1260.0,Momentum Trading,0.3340,0.0000,0.0000
2023-12-14,2023-12-14T10:00:00,2023-12-14T10:15:00,INTC,buy_to_open,sell_to_close,long,46.0295,46.4180,43.4504,2000.00,0.8440,16.88,Trailing stop triggered at $46.4435 (locking in 0.78% profit),900.0,Momentum Trading,0.1217,0.0000,0.0000
2023-12-14,2023-12-14T12:02:00,2023-12-14T12:39:00,RIVN,buy_to_open,sell_to_close,long,21.5100,21.9527,92.9800,2000.00,2.0579,41.16,Trailing stop triggered at $21.9982 (locking in 2.17% profit),2220.0,Momentum Trading,0.0930,0.0000,0.0000
2023-12-18,2023-12-18T09:53:00,2023-12-18T10:54:00,COIN,buy_to_open,sell_to_close,long,150.3848,148.0870,13.2992,2000.00,-1.5280,-30.56,max_hold_60min,3660.0,Momentum Trading,0.1261,0.0000,0.0000
2023-12-18,2023-12-18T10:16:00,2023-12-18T11:17:00,SOFI,buy_to_open,sell_to_close,long,9.5135,9.4405,210.2287,2000.00,-0.7670,-15.34,max_hold_60min,3660.0,Momentum Trading,0.1588,0.0000,0.0000
2023-12-22,2023-12-22T10:01:00,2023-12-22T10:20:00,COIN,buy_to_open,sell_to_close,long,173.8464,174.9146,11.5044,2000.00,0.6145,12.29,Trailing stop triggered at $175.0632 (locking in 0.63% profit),1140.0,Momentum Trading,0.0648,0.0000,0.0000
2024-01-04,2024-01-04T10:15:00,2024-01-04T11:16:00,SOFI,buy_to_open,sell_to_close,long,8.5040,8.5135,235.1834,2000.00,0.1118,2.24,max_hold_60min,3660.0,Momentum Trading,0.0941,0.0000,0.0000
2024-01-05,2024-01-05T10:00:00,2024-01-05T11:01:00,PLTR,buy_to_open,sell_to_close,long,15.9918,16.0160,125.0641,2000.00,0.1513,3.03,max_hold_60min,3660.0,Momentum Trading,0.1126,0.0000,0.0000
2024-01-05,2024-01-05T10:16:00,2024-01-05T11:17:00,SOFI,buy_to_open,sell_to_close,long,8.4275,8.3125,237.3177,2000.00,-1.3648,-27.30,max_hold_60min,3660.0,Momentum Trading,0.1786,0.0000,0.0000
2024-01-12,2024-01-12T09:56:00,2024-01-12T10:57:00,PLTR,buy_to_open,sell_to_close,long,17.0140,16.6780,117.5503,2000.00,-1.9748,-39.50,max_hold_60min,3660.0,Momentum Trading,0.0470,0.0000,0.0000
2024-01-16,2024-01-16T10:00:00,2024-01-16T10:47:00,SNAP,sell_to_open,buy_to_close,short,15.8438,15.7145,126.2323,2000.00,0.8161,16.32,Trailing stop triggered at $15.6986 (locking in 0.78% profit),2820.0,Momentum Trading,0.1413,0.0000,0.0000
2024-01-22,2024-01-22T10:04:00,2024-01-22T11:05:00,COIN,buy_to_open,sell_to_close,long,130.4135,127.9229,15.3358,2000.00,-1.9098,-38.20,max_hold_60min,3660.0,Momentum Trading,0.1336,0.0000,0.0000
2024-02-07,2024-02-07T10:01:00,2024-02-07T11:02:00,META,buy_to_open,sell_to_close,long,468.9820,467.0845,4.2646,2000.00,-0.4046,-8.09,max_hold_60min,3660.0,Momentum Trading,0.0606,0.0000,0.0000
2024-02-08,2024-02-08T09:46:00,2024-02-08T10:47:00,UBER,buy_to_open,sell_to_close,long,72.7460,72.3793,27.4929,2000.00,-0.5040,-10.08,max_hold_60min,3660.0,Momentum Trading,0.0302,0.0000,0.0000
2024-02-12,2024-02-12T10:03:00,2024-02-12T11:04:00,SOFI,buy_to_open,sell_to_close,long,8.3822,8.4283,238.6008,2000.00,0.5495,10.99,max_hold_60min,3660.0,Momentum Trading,0.0955,0.0000,0.0000
2024-02-12,2024-02-12T10:05:00,2024-02-12T10:31:00,COIN,buy_to_open,sell_to_close,long,146.1813,147.1515,13.6816,2000.00,0.6637,13.27,Trailing stop triggered at $147.4862 (locking in 0.74% profit),1560.0,Momentum Trading,0.1524,0.0000,0.0000
2024-02-12,2024-02-12T10:05:00,2024-02-12T10:34:00,RIVN,buy_to_open,sell_to_close,long,16.4565,16.6651,121.5325,2000.00,1.2676,25.35,Trailing stop triggered at $16.6830 (locking in 1.30% profit),1740.0,Momentum Trading,0.0790,0.0000,0.0000
2024-02-12,2024-02-12T10:08:00,2024-02-12T10:31:00,SNAP,buy_to_open,sell_to_close,long,11.8260,11.9990,169.1189,2000.00,1.4629,29.26,Trailing stop triggered at $12.0118 (locking in 1.38% profit),1380.0,Momentum Trading,0.1862,0.0000,0.0000
2024-02-14,2024-02-14T10:28:00,2024-02-14T10:56:00,UBER,buy_to_open,sell_to_close,long,76.9294,77.4230,25.9979,2000.00,0.6416,12.83,Trailing stop triggered at $77.6663 (locking in 0.87% profit),1680.0,Momentum Trading,0.0850,0.0000,0.0000
2024-02-14,2024-02-14T10:38:00,2024-02-14T11:39:00,PLTR,buy_to_open,sell_to_close,long,25.0127,25.4118,79.9595,2000.00,1.5958,31.92,max_hold_60min,3660.0,Momentum Trading,0.0612,0.0000,0.0000
2024-02-15,2024-02-15T09:56:00,2024-02-15T10:13:00,RIVN,buy_to_open,sell_to_close,long,16.2225,16.3110,123.2856,2000.00,0.5455,10.91,Trailing stop triggered at $16.3558 (locking in 0.73% profit),1020.0,Momentum Trading,0.0925,0.0000,0.0000
2024-02-22,2024-02-22T10:09:00,2024-02-22T10:37:00,COIN,buy_to_open,sell_to_close,long,169.4060,171.0609,11.8060,2000.00,0.9769,19.54,Trailing stop triggered at $171.1758 (locking in 0.89% profit),1680.0,Momentum Trading,0.1548,0.0000,0.0000
2024-02-23,2024-02-23T12:21:00,2024-02-23T13:22:00,RIVN,buy_to_open,sell_to_close,long,10.5680,10.5140,189.2506,2000.00,-0.5110,-10.22,max_hold_60min,3660.0,Momentum Trading,0.0568,0.0000,0.0000
2024-02-26,2024-02-26T10:15:00,2024-02-26T11:16:00,RIVN,buy_to_open,sell_to_close,long,10.4975,10.5320,190.5216,2000.00,0.3287,6.57,max_hold_60min,3660.0,Momentum Trading,0.1430,0.0000,0.0000
2024-02-26,2024-02-26T12:01:00,2024-02-26T12:22:00,RIVN,buy_to_open,sell_to_close,long,10.7695,10.8360,185.7096,2000.00,0.6175,12.35,Trailing stop triggered at $10.8673 (locking in 0.82% profit),1260.0,Momentum Trading,0.0836,0.0000,0.0000
2024-02-28,2024-02-28T10:57:00,2024-02-28T11:32:00,RIVN,buy_to_open,sell_to_close,long,11.3252,11.4280,176.5973,2000.00,0.9077,18.15,Trailing stop triggered at $11.4341 (locking in 0.89% profit),2100.0,Momentum Trading,0.0707,0.0000,0.0000
2024-03-05,2024-03-05T09:31:00,2024-03-05T10:32:00,SOFI,buy_to_open,sell_to_close,long,8.0123,7.7292,249.6162,2000.00,-3.5332,-70.66,max_hold_60min,3660.0,Momentum Trading,0.5507,0.0000,0.0000
2024-03-06,2024-03-06T11:10:00,2024-03-06T11:40:00,SOFI,buy_to_open,sell_to_close,long,7.3761,7.4410,271.1460,2000.00,0.8799,17.60,Trailing stop triggered at $7.4451 (locking in 0.77% profit),1800.0,Momentum Trading,0.1628,0.0000,0.0000
2024-03-06,2024-03-06T11:15:00,2024-03-06T11:43:00,PLTR,buy_to_open,sell_to_close,long,25.7907,26.0495,77.5473,2000.00,1.0035,20.07,Trailing stop triggered at $26.1437 (locking in 1.29% profit),1680.0,Momentum Trading,0.0815,0.0000,0.0000
2024-03-07,2024-03-07T09:49:00,2024-03-07T10:50:00,SNAP,buy_to_open,sell_to_close,long,11.7735,11.8795,169.8730,2000.00,0.8999,18.00,max_hold_60min,3660.0,Momentum Trading,0.2296,0.0000,0.0000
2024-03-07,2024-03-07T13:36:00,2024-03-07T13:40:00,RIVN,buy_to_open,sell_to_close,long,11.8830,12.3030,168.3077,2000.00,3.5347,70.69,Trailing stop triggered at $12.4393 (locking in 4.10% profit),240.0,Momentum Trading,0.5570,0.0000,0.0000
2024-03-08,2024-03-08T10:07:00,2024-03-08T11:08:00,SNAP,buy_to_open,sell_to_close,long,12.5885,12.2865,158.8752,2000.00,-2.3990,-47.98,max_hold_60min,3660.0,Momentum Trading,0.0556,0.0000,0.0000
2024-03-08,2024-03-08T10:31:00,2024-03-08T11:09:00,COIN,buy_to_open,sell_to_close,long,265.1080,252.9510,7.5441,2000.00,-4.5857,-91.71,ATR stop loss: -4.93% (threshold: -4.00%),2280.0,Momentum Trading,0.4522,0.0000,0.0000
2024-03-11,2024-03-11T09:45:00,2024-03-11T10:46:00,RIVN,buy_to_open,sell_to_close,long,13.4320,13.2436,148.8982,2000.00,-1.4026,-28.05,max_hold_60min,3660.0,Momentum Trading,0.1043,0.0000,0.0000
2024-03-13,2024-03-13T09:33:00,2024-03-13T09:47:00,COIN,buy_to_open,sell_to_close,long,265.2070,267.2650,7.5413,2000.00,0.7760,15.52,Trailing stop triggered at $267.9126 (locking in 0.93% profit),840.0,Momentum Trading,0.0883,0.0000,0.0000
2024-04-02,2024-04-02T09:47:00,2024-04-02T10:48:00,COIN,buy_to_open,sell_to_close,long,246.0250,243.7057,8.1293,2000.00,-0.9427,-18.85,max_hold_60min,3660.0,Momentum Trading,0.1017,0.0000,0.0000
2024-04-18,2024-04-18T09:35:00,2024-04-18T10:02:00,RIVN,buy_to_open,sell_to_close,long,8.8130,8.9465,226.9375,2000.00,1.5148,30.30,Trailing stop triggered at $8.9541 (locking in 1.53% profit),1620.0,Momentum Trading,0.0681,0.0000,0.0000
2024-04-18,2024-04-18T11:57:00,2024-04-18T12:58:00,SNAP,buy_to_open,sell_to_close,long,11.6805,11.6429,171.2255,2000.00,-0.3216,-6.43,max_hold_60min,3660.0,Momentum Trading,0.0942,0.0000,0.0000
2024-04-25,2024-04-25T09:30:00,2024-04-25T10:31:00,COIN,buy_to_open,sell_to_close,long,222.1640,221.0300,9.0024,2000.00,-0.5104,-10.21,max_hold_60min,3660.0,Momentum Trading,0.1477,0.0000,0.0000
2024-04-26,2024-04-26T09:30:00,2024-04-26T10:31:00,RIVN,buy_to_open,sell_to_close,long,8.8740,8.8697,225.3775,2000.00,-0.0483,-0.97,max_hold_60min,3660.0,Momentum Trading,0.0902,0.0000,0.0000
2024-04-29,2024-04-29T09:30:00,2024-04-29T10:31:00,SNAP,buy_to_open,sell_to_close,long,14.7960,14.6600,135.1717,2000.00,-0.9192,-18.38,max_hold_60min,3660.0,Momentum Trading,0.0811,0.0000,0.0000
2024-05-01,2024-05-01T14:03:00,2024-05-01T15:00:00,PLTR,buy_to_open,sell_to_close,long,22.6885,22.1280,88.1504,2000.00,-2.4704,-49.41,force_close_eod,3420.0,Momentum Trading,0.0750,0.0000,0.0000
2024-05-02,2024-05-02T09:46:00,2024-05-02T10:19:00,COIN,buy_to_open,sell_to_close,long,217.4482,221.7496,9.1976,2000.00,1.9781,39.56,Trailing stop triggered at $221.9546 (locking in 2.00% profit),1980.0,Momentum Trading,0.0754,0.0000,0.0000
2024-05-20,2024-05-20T14:54:00,2024-05-20T15:00:00,COIN,buy_to_open,sell_to_close,long,225.4401,225.9080,8.8715,2000.00,0.2075,4.15,force_close_eod,360.0,Momentum Trading,0.0666,0.0000,0.0000
2024-05-22,2024-05-22T14:42:00,2024-05-22T15:00:00,RIVN,buy_to_open,sell_to_close,long,10.6887,10.6960,187.1130,2000.00,0.0680,1.36,force_close_eod,1080.0,Momentum Trading,0.0698,0.0000,0.0000
2024-05-30,2024-05-30T12:34:00,2024-05-30T13:35:00,RIVN,buy_to_open,sell_to_close,long,10.8958,11.1030,183.5570,2000.00,1.9017,38.03,max_hold_60min,3660.0,Momentum Trading,0.1010,0.0000,0.0000
2024-06-25,2024-06-25T09:36:00,2024-06-25T09:57:00,RIVN,buy_to_open,sell_to_close,long,11.4970,11.6364,173.9584,2000.00,1.2125,24.25,Trailing stop triggered at $11.6532 (locking in 1.32% profit),1260.0,Momentum Trading,0.0348,0.0000,0.0000
2024-06-25,2024-06-25T10:18:00,2024-06-25T11:19:00,RIVN,buy_to_open,sell_to_close,long,11.7807,11.7479,169.7686,2000.00,-0.2788,-5.58,max_hold_60min,3660.0,Momentum Trading,0.0975,0.0000,0.0000
2024-06-26,2024-06-26T14:57:00,2024-06-26T15:00:00,RIVN,buy_to_open,sell_to_close,long,14.6736,14.6820,136.2989,2000.00,0.0570,1.14,force_close_eod,180.0,Momentum Trading,0.1177,0.0000,0.0000
2024-06-28,2024-06-28T09:42:00,2024-06-28T10:43:00,RIVN,sell_to_open,buy_to_close,short,14.0190,13.8288,142.6635,2000.00,1.3567,27.13,max_hold_60min,3660.0,Momentum Trading,0.0856,0.0000,0.0000
2024-07-01,2024-07-01T13:37:00,2024-07-01T14:38:00,RIVN,buy_to_open,sell_to_close,long,14.3866,14.1595,139.0183,2000.00,-1.5786,-31.57,max_hold_60min,3660.0,Momentum Trading,0.0834,0.0000,0.0000
2024-07-05,2024-07-05T10:39:00,2024-07-05T11:40:00,COIN,buy_to_open,sell_to_close,long,220.5870,220.3407,9.0667,2000.00,-0.1117,-2.23,max_hold_60min,3660.0,Momentum Trading,0.1016,0.0000,0.0000
2024-07-08,2024-07-08T10:05:00,2024-07-08T11:06:00,RIVN,buy_to_open,sell_to_close,long,15.6950,15.3490,127.4291,2000.00,-2.2045,-44.09,max_hold_60min,3660.0,Momentum Trading,0.0510,0.0000,0.0000
2024-07-23,2024-07-23T09:33:00,2024-07-23T10:34:00,RIVN,buy_to_open,sell_to_close,long,17.3847,17.1330,115.0437,2000.00,-1.4478,-28.96,max_hold_60min,3660.0,Momentum Trading,0.0748,0.0000,0.0000
2024-07-25,2024-07-25T09:42:00,2024-07-25T10:43:00,RIVN,buy_to_open,sell_to_close,long,16.6900,16.5270,119.8322,2000.00,-0.9766,-19.53,max_hold_60min,3660.0,Momentum Trading,0.0599,0.0000,0.0000
2024-07-25,2024-07-25T09:48:00,2024-07-25T10:32:00,PLTR,buy_to_open,sell_to_close,long,26.5330,26.7180,75.3778,2000.00,0.6972,13.94,Trailing stop triggered at $26.7675 (locking in 0.78% profit),2640.0,Momentum Trading,0.0980,0.0000,0.0000
2024-07-26,2024-07-26T11:05:00,2024-07-26T12:06:00,RIVN,buy_to_open,sell_to_close,long,16.8040,16.6400,119.0193,2000.00,-0.9759,-19.52,max_hold_60min,3660.0,Momentum Trading,0.1072,0.0000,0.0000
2024-07-31,2024-07-31T14:52:00,2024-07-31T15:00:00,SOFI,sell_to_open,buy_to_close,short,7.5930,7.5620,263.4005,2000.00,0.4083,8.17,force_close_eod,480.0,Momentum Trading,0.0527,0.0000,0.0000
2024-08-02,2024-08-02T10:50:00,2024-08-02T11:51:00,INTC,buy_to_open,sell_to_close,long,21.4180,21.0351,93.3794,2000.00,-1.7877,-35.75,max_hold_60min,3660.0,Momentum Trading,0.1215,0.0000,0.0000
2024-08-02,2024-08-02T13:55:00,2024-08-02T14:56:00,SNAP,buy_to_open,sell_to_close,long,9.7490,9.4121,205.1492,2000.00,-3.4557,-69.11,max_hold_60min,3660.0,Momentum Trading,0.0821,0.0000,0.0000
2024-08-05,2024-08-05T09:57:00,2024-08-05T10:42:00,COIN,buy_to_open,sell_to_close,long,191.9727,195.0240,10.4181,2000.00,1.5894,31.79,Trailing stop triggered at $196.0150 (locking in 1.94% profit),2700.0,Momentum Trading,0.1592,0.0000,0.0000
2024-08-05,2024-08-05T10:07:00,2024-08-05T10:22:00,SOFI,buy_to_open,sell_to_close,long,6.5590,6.5965,304.9264,2000.00,0.5723,11.45,Trailing stop triggered at $6.6091 (locking in 0.64% profit),900.0,Momentum Trading,0.1208,0.0000,0.0000
2024-08-05,2024-08-05T10:46:00,2024-08-05T11:31:00,PLTR,buy_to_open,sell_to_close,long,24.0275,24.3065,83.2380,2000.00,1.1612,23.22,Trailing stop triggered at $24.3223 (locking in 1.12% profit),2700.0,Momentum Trading,0.1041,0.0000,0.0000
2024-08-19,2024-08-19T10:23:00,2024-08-19T11:24:00,INTC,buy_to_open,sell_to_close,long,21.4577,21.3020,93.2067,2000.00,-0.7256,-14.51,max_hold_60min,3660.0,Momentum Trading,0.0717,0.0000,0.0000
2024-08-29,2024-08-29T09:38:00,2024-08-29T10:22:00,SOFI,buy_to_open,sell_to_close,long,8.0184,8.0830,249.4263,2000.00,0.8056,16.11,Trailing stop triggered at $8.0907 (locking in 0.81% profit),2640.0,Momentum Trading,0.0873,0.0000,0.0000
2024-09-05,2024-09-05T11:39:00,2024-09-05T12:40:00,RIVN,buy_to_open,sell_to_close,long,13.8858,13.7180,144.0323,2000.00,-1.2082,-24.16,max_hold_60min,3660.0,Momentum Trading,0.0817,0.0000,0.0000
2024-09-17,2024-09-17T09:58:00,2024-09-17T10:18:00,INTC,buy_to_open,sell_to_close,long,22.1070,22.4324,90.4691,2000.00,1.4718,29.44,Trailing stop triggered at $22.4648 (locking in 1.46% profit),1200.0,Momentum Trading,0.1539,0.0000,0.0000
2024-09-18,2024-09-18T13:43:00,2024-09-18T14:44:00,RIVN,buy_to_open,sell_to_close,long,13.4095,12.9054,149.1480,2000.00,-3.7593,-75.19,max_hold_60min,3660.0,Momentum Trading,0.1418,0.0000,0.0000
2024-09-20,2024-09-20T15:00:00,2024-09-20T15:00:00,INTC,buy_to_open,sell_to_close,long,21.9289,21.9109,91.2038,2000.00,-0.0821,-1.64,force_close_eod,0.0,Momentum Trading,0.0821,0.0000,0.0000
2024-09-25,2024-09-25T09:37:00,2024-09-25T10:38:00,INTC,buy_to_open,sell_to_close,long,24.0060,23.6647,83.3125,2000.00,-1.4217,-28.43,max_hold_60min,3660.0,Momentum Trading,0.0917,0.0000,0.0000
2024-10-11,2024-10-11T10:40:00,2024-10-11T11:41:00,COIN,buy_to_open,sell_to_close,long,175.4340,179.0263,11.4003,2000.00,2.0476,40.95,max_hold_60min,3660.0,Momentum Trading,0.0616,0.0000,0.0000
2024-10-15,2024-10-15T10:49:00,2024-10-15T11:22:00,COIN,buy_to_open,sell_to_close,long,196.9157,197.8566,10.1566,2000.00,0.4778,9.56,Trailing stop triggered at $199.0012 (locking in 1.01% profit),1980.0,Momentum Trading,0.0525,0.0000,0.0000
2024-10-29,2024-10-29T12:13:00,2024-10-29T13:11:00,SOFI,buy_to_open,sell_to_close,long,10.5806,10.7110,189.0252,2000.00,1.2324,24.65,Trailing stop triggered at $10.7329 (locking in 1.32% profit),3480.0,Momentum Trading,0.1135,0.0000,0.0000
2024-11-01,2024-11-01T09:47:00,2024-11-01T10:48:00,COIN,buy_to_open,sell_to_close,long,188.9870,184.3500,10.5827,2000.00,-2.4536,-49.07,max_hold_60min,3660.0,Momentum Trading,0.1133,0.0000,0.0000
2024-11-05,2024-11-05T10:09:00,2024-11-05T10:24:00,SOFI,buy_to_open,sell_to_close,long,11.4135,11.4820,175.2311,2000.00,0.6002,12.00,Trailing stop triggered at $11.4854 (locking in 0.57% profit),900.0,Momentum Trading,0.0613,0.0000,0.0000
2024-11-11,2024-11-11T10:30:00,2024-11-11T11:31:00,SOFI,buy_to_open,sell_to_close,long,14.2285,14.1100,140.5630,2000.00,-0.8326,-16.65,max_hold_60min,3660.0,Momentum Trading,0.1688,0.0000,0.0000
2024-11-11,2024-11-11T14:11:00,2024-11-11T15:00:00,TSLA,buy_to_open,sell_to_close,long,347.4710,344.0860,5.7559,2000.00,-0.9742,-19.48,force_close_eod,2940.0,Momentum Trading,0.0812,0.0000,0.0000
2024-11-12,2024-11-12T10:02:00,2024-11-12T11:00:00,COIN,buy_to_open,sell_to_close,long,326.6680,313.0292,6.1224,2000.00,-4.1751,-83.50,ATR stop loss: -4.28% (threshold: -4.00%),3480.0,Momentum Trading,0.1642,0.0000,0.0000
2024-11-12,2024-11-12T14:01:00,2024-11-12T15:00:00,COIN,buy_to_open,sell_to_close,long,318.3070,315.9200,6.2832,2000.00,-0.7499,-15.00,force_close_eod,3540.0,Momentum Trading,0.0515,0.0000,0.0000
2024-11-13,2024-11-13T11:17:00,2024-11-13T12:18:00,RIVN,buy_to_open,sell_to_close,long,12.6970,12.3670,157.5175,2000.00,-2.5990,-51.98,max_hold_60min,3660.0,Momentum Trading,0.2681,0.0000,0.0000
2024-11-25,2024-11-25T10:36:00,2024-11-25T11:05:00,RIVN,buy_to_open,sell_to_close,long,11.5625,11.7165,172.9730,2000.00,1.3319,26.64,Trailing stop triggered at $11.7578 (locking in 1.29% profit),1740.0,Momentum Trading,0.3899,0.0000,0.0000
2024-11-26,2024-11-26T09:56:00,2024-11-26T10:05:00,COIN,buy_to_open,sell_to_close,long,303.6440,307.1400,6.5867,2000.00,1.1513,23.03,Trailing stop triggered at $307.4574 (locking in 1.07% profit),540.0,Momentum Trading,0.1872,0.0000,0.0000
2024-11-27,2024-11-27T10:15:00,2024-11-27T11:16:00,RIVN,buy_to_open,sell_to_close,long,12.2935,12.1706,162.6876,2000.00,-0.9997,-19.99,max_hold_60min,3660.0,Momentum Trading,0.1384,0.0000,0.0000
2024-12-03,2024-12-03T10:01:00,2024-12-03T11:02:00,PLTR,buy_to_open,sell_to_close,long,70.0440,68.9561,28.5535,2000.00,-1.5531,-31.06,max_hold_60min,3660.0,Momentum Trading,0.1829,0.0000,0.0000
2024-12-03,2024-12-03T10:27:00,2024-12-03T11:28:00,SNAP,buy_to_open,sell_to_close,long,12.5100,13.0216,159.8721,2000.00,4.0895,81.79,max_hold_60min,3660.0,Momentum Trading,0.0800,0.0000,0.0000
2024-12-04,2024-12-04T10:09:00,2024-12-04T11:10:00,COIN,buy_to_open,sell_to_close,long,321.1842,314.4740,6.2270,2000.00,-2.0892,-41.78,max_hold_60min,3660.0,Momentum Trading,0.0704,0.0000,0.0000
2024-12-04,2024-12-04T10:40:00,2024-12-04T11:41:00,SOFI,buy_to_open,sell_to_close,long,16.3455,16.1570,122.3578,2000.00,-1.1532,-23.06,max_hold_60min,3660.0,Momentum Trading,0.0673,0.0000,0.0000
2024-12-05,2024-12-05T10:02:00,2024-12-05T10:24:00,RIVN,buy_to_open,sell_to_close,long,12.6220,12.7040,158.4535,2000.00,0.6497,12.99,Trailing stop triggered at $12.7247 (locking in 0.62% profit),1320.0,Momentum Trading,0.1903,0.0000,0.0000
2024-12-06,2024-12-06T10:07:00,2024-12-06T10:21:00,SNAP,buy_to_open,sell_to_close,long,12.5290,12.7460,159.6297,2000.00,1.7320,34.64,Trailing stop triggered at $12.8664 (locking in 2.63% profit),840.0,Momentum Trading,0.0639,0.0000,0.0000
2024-12-06,2024-12-06T10:32:00,2024-12-06T11:10:00,SOFI,buy_to_open,sell_to_close,long,15.6585,15.7910,127.7262,2000.00,0.8462,16.92,Trailing stop triggered at $15.8217 (locking in 0.93% profit),2280.0,Momentum Trading,0.1086,0.0000,0.0000
2024-12-06,2024-12-06T11:16:00,2024-12-06T12:17:00,RIVN,buy_to_open,sell_to_close,long,13.4600,12.9966,148.5884,2000.00,-3.4429,-68.86,max_hold_60min,3660.0,Momentum Trading,0.0743,0.0000,0.0000
2024-12-10,2024-12-10T09:46:00,2024-12-10T10:47:00,SOFI,buy_to_open,sell_to_close,long,15.9530,15.6745,125.3683,2000.00,-1.7458,-34.92,max_hold_60min,3660.0,Momentum Trading,0.1631,0.0000,0.0000
2024-12-12,2024-12-12T10:28:00,2024-12-12T11:29:00,RIVN,buy_to_open,sell_to_close,long,14.1500,14.0616,141.3428,2000.00,-0.6247,-12.49,max_hold_60min,3660.0,Momentum Trading,0.1414,0.0000,0.0000
2024-12-16,2024-12-16T11:05:00,2024-12-16T12:06:00,RIVN,buy_to_open,sell_to_close,long,15.3190,14.9430,130.5569,2000.00,-2.4544,-49.09,max_hold_60min,3660.0,Momentum Trading,0.1174,0.0000,0.0000
2024-12-18,2024-12-18T12:18:00,2024-12-18T13:19:00,SNAP,buy_to_open,sell_to_close,long,11.1985,11.8101,178.5953,2000.00,5.4616,109.23,max_hold_60min,3660.0,Momentum Trading,0.0625,0.0000,0.0000
2024-12-18,2024-12-18T13:35:00,2024-12-18T14:36:00,SNAP,buy_to_open,sell_to_close,long,11.9196,11.6595,167.7909,2000.00,-2.1821,-43.64,max_hold_60min,3660.0,Momentum Trading,0.1511,0.0000,0.0000
2024-12-20,2024-12-20T10:10:00,2024-12-20T10:47:00,RIVN,buy_to_open,sell_to_close,long,13.1910,13.8032,151.6185,2000.00,4.6407,92.81,Trend reversal detected: dropped 0.83% from peak $13.9250 (locking in 4.60% profit),2220.0,Momentum Trading,0.0910,0.0000,0.0000
2024-12-31,2024-12-31T10:45:00,2024-12-31T11:32:00,RIVN,buy_to_open,sell_to_close,long,14.5600,13.9610,137.3626,2000.00,-4.1140,-82.28,ATR stop loss: -4.22% (threshold: -4.00%),2820.0,Momentum Trading,0.1375,0.0000,0.0000
2025-01-02,2025-01-02T10:19:00,2025-01-02T11:20:00,META,buy_to_open,sell_to_close,long,603.4440,597.5400,3.3143,2000.00,-0.9784,-19.57,max_hold_60min,3660.0,Momentum Trading,0.0477,0.0000,0.0000
2025-01-03,2025-01-03T09:47:00,2025-01-03T10:30:00,PLTR,buy_to_open,sell_to_close,long,77.1680,77.6871,25.9175,2000.00,0.6727,13.45,Trailing stop triggered at $77.7568 (locking in 0.59% profit),2580.0,Momentum Trading,0.1763,0.0000,0.0000
2025-01-10,2025-01-10T09:54:00,2025-01-10T10:26:00,SNAP,buy_to_open,sell_to_close,long,12.1970,12.6456,163.9747,2000.00,3.6780,73.56,Trend reversal detected: dropped 0.82% from peak $12.7600 (locking in 3.64% profit),1920.0,Momentum Trading,0.1148,0.0000,0.0000
2025-01-10,2025-01-10T10:42:00,2025-01-10T11:42:00,SNAP,buy_to_open,sell_to_close,long,13.0021,13.1240,153.8213,2000.00,0.9375,18.75,Trailing stop triggered at $13.1405 (locking in 0.72% profit),3600.0,Momentum Trading,0.3390,0.0000,0.0000
2025-01-15,2025-01-15T10:02:00,2025-01-15T10:36:00,SNAP,buy_to_open,sell_to_close,long,12.1870,12.2845,164.1093,2000.00,0.8000,16.00,Trailing stop triggered at $12.3080 (locking in 0.88% profit),2040.0,Momentum Trading,0.1149,0.0000,0.0000
2025-01-22,2025-01-22T10:50:00,2025-01-22T11:51:00,PLTR,buy_to_open,sell_to_close,long,75.8140,76.1068,26.3804,2000.00,0.3862,7.72,max_hold_60min,3660.0,Momentum Trading,0.0897,0.0000,0.0000
2025-01-23,2025-01-23T09:53:00,2025-01-23T10:54:00,COIN,buy_to_open,sell_to_close,long,301.5020,297.3037,6.6335,2000.00,-1.3925,-27.85,max_hold_60min,3660.0,Momentum Trading,0.1739,0.0000,0.0000
2025-01-27,2025-01-27T10:58:00,2025-01-27T11:36:00,SOFI,buy_to_open,sell_to_close,long,16.5819,15.9607,120.6134,2000.00,-3.7463,-74.93,ATR stop loss: -4.31% (threshold: -4.00%),2280.0,Momentum Trading,0.6292,0.0000,0.0000
2025-01-28,2025-01-28T09:35:00,2025-01-28T10:18:00,BA,buy_to_open,sell_to_close,long,183.6740,185.8070,10.8889,2000.00,1.1613,23.23,Trailing stop triggered at $185.9930 (locking in 1.07% profit),2580.0,Momentum Trading,0.1896,0.0000,0.0000
2025-01-28,2025-01-28T10:28:00,2025-01-28T11:29:00,SOFI,buy_to_open,sell_to_close,long,15.9300,15.4810,125.5493,2000.00,-2.8186,-56.37,max_hold_60min,3660.0,Momentum Trading,0.0628,0.0000,0.0000
2025-01-31,2025-01-31T09:59:00,2025-01-31T11:00:00,PLTR,buy_to_open,sell_to_close,long,84.1990,84.4339,23.7533,2000.00,0.2790,5.58,max_hold_60min,3660.0,Momentum Trading,0.0689,0.0000,0.0000
2025-02-03,2025-02-03T10:58:00,2025-02-03T11:53:00,SOFI,buy_to_open,sell_to_close,long,15.5402,15.6765,128.6986,2000.00,0.8770,17.54,Trailing stop triggered at $15.7019 (locking in 0.98% profit),3300.0,Momentum Trading,0.0642,0.0000,0.0000
2025-02-03,2025-02-03T11:03:00,2025-02-03T12:04:00,COIN,buy_to_open,sell_to_close,long,285.1865,282.4284,7.0130,2000.00,-0.9671,-19.34,max_hold_60min,3660.0,Momentum Trading,0.1379,0.0000,0.0000
2025-02-05,2025-02-05T09:34:00,2025-02-05T10:35:00,DIS,buy_to_open,sell_to_close,long,115.7602,111.3480,17.2771,2000.00,-3.8115,-76.23,max_hold_60min,3660.0,Momentum Trading,0.1864,0.0000,0.0000
2025-02-06,2025-02-06T10:39:00,2025-02-06T11:40:00,PLTR,buy_to_open,sell_to_close,long,107.2886,107.5535,18.6413,2000.00,0.2469,4.94,max_hold_60min,3660.0,Momentum Trading,0.1959,0.0000,0.0000
2025-02-11,2025-02-11T10:18:00,2025-02-11T11:16:00,INTC,buy_to_open,sell_to_close,long,20.8674,21.2909,95.8433,2000.00,2.0296,40.59,Trailing stop triggered at $21.3536 (locking in 2.26% profit),3480.0,Momentum Trading,0.0719,0.0000,0.0000
2025-02-12,2025-02-12T09:59:00,2025-02-12T11:00:00,RIVN,buy_to_open,sell_to_close,long,12.6300,12.4980,158.3531,2000.00,-1.0451,-20.90,max_hold_60min,3660.0,Momentum Trading,0.0792,0.0000,0.0000
2025-02-13,2025-02-13T10:20:00,2025-02-13T11:21:00,INTC,buy_to_open,sell_to_close,long,24.4119,24.3495,81.9272,2000.00,-0.2558,-5.12,max_hold_60min,3660.0,Momentum Trading,0.0977,0.0000,0.0000
2025-02-14,2025-02-14T10:28:00,2025-02-14T10:48:00,SOFI,buy_to_open,sell_to_close,long,15.9164,16.0325,125.6566,2000.00,0.7294,14.59,Trailing stop triggered at $16.0427 (locking in 0.69% profit),1200.0,Momentum Trading,0.1006,0.0000,0.0000
2025-02-21,2025-02-21T09:35:00,2025-02-21T10:00:00,RIVN,buy_to_open,sell_to_close,long,12.9210,13.0320,154.7868,2000.00,0.8591,17.18,Trailing stop triggered at $13.0906 (locking in 1.06% profit),1500.0,Momentum Trading,0.2480,0.0000,0.0000
2025-02-21,2025-02-21T11:15:00,2025-02-21T11:30:00,RIVN,buy_to_open,sell_to_close,long,13.0628,13.1345,153.1064,2000.00,0.5488,10.98,Trailing stop triggered at $13.1953 (locking in 0.89% profit),900.0,Momentum Trading,0.1196,0.0000,0.0000
2025-02-28,2025-02-28T10:22:00,2025-02-28T11:23:00,SOFI,buy_to_open,sell_to_close,long,14.4030,14.3712,138.8600,2000.00,-0.2207,-4.41,max_hold_60min,3660.0,Momentum Trading,0.1111,0.0000,0.0000
2025-02-28,2025-02-28T10:37:00,2025-02-28T11:38:00,INTC,buy_to_open,sell_to_close,long,24.2630,23.8076,82.4300,2000.00,-1.8769,-37.54,max_hold_60min,3660.0,Momentum Trading,0.1485,0.0000,0.0000
2025-03-04,2025-03-04T12:13:00,2025-03-04T12:41:00,COIN,buy_to_open,sell_to_close,long,203.0150,205.8582,9.8515,2000.00,1.4005,28.01,Trailing stop triggered at $206.4160 (locking in 1.61% profit),1680.0,Momentum Trading,0.0641,0.0000,0.0000
2025-03-04,2025-03-04T13:17:00,2025-03-04T14:18:00,COIN,buy_to_open,sell_to_close,long,209.7894,216.8630,9.5334,2000.00,3.3718,67.44,max_hold_60min,3660.0,Momentum Trading,0.1125,0.0000,0.0000
2025-03-04,2025-03-04T14:27:00,2025-03-04T15:00:00,COIN,buy_to_open,sell_to_close,long,216.0765,215.4710,9.2560,2000.00,-0.2802,-5.60,force_close_eod,1980.0,Momentum Trading,0.0801,0.0000,0.0000
2025-03-06,2025-03-06T10:24:00,2025-03-06T11:25:00,SOFI,buy_to_open,sell_to_close,long,13.1900,13.0029,151.6300,2000.00,-1.4186,-28.37,max_hold_60min,3660.0,Momentum Trading,0.0758,0.0000,0.0000
2025-03-07,2025-03-07T09:56:00,2025-03-07T10:57:00,COIN,buy_to_open,sell_to_close,long,220.0990,216.3672,9.0868,2000.00,-1.6955,-33.91,max_hold_60min,3660.0,Momentum Trading,0.1628,0.0000,0.0000
2025-03-07,2025-03-07T10:01:00,2025-03-07T11:02:00,INTC,buy_to_open,sell_to_close,long,21.0505,20.5952,95.0096,2000.00,-2.1631,-43.26,max_hold_60min,3660.0,Momentum Trading,0.1569,0.0000,0.0000
2025-03-07,2025-03-07T12:58:00,2025-03-07T13:06:00,COIN,buy_to_open,sell_to_close,long,214.1780,217.8231,9.3380,2000.00,1.7019,34.04,Trailing stop triggered at $218.3030 (locking in 1.66% profit),480.0,Momentum Trading,0.2599,0.0000,0.0000
2025-03-10,2025-03-10T10:56:00,2025-03-10T11:57:00,RIVN,buy_to_open,sell_to_close,long,11.4150,11.2840,175.2081,2000.00,-1.1476,-22.95,max_hold_60min,3660.0,Momentum Trading,0.1666,0.0000,0.0000
2025-03-11,2025-03-11T10:13:00,2025-03-11T11:14:00,COIN,buy_to_open,sell_to_close,long,192.3133,189.2205,10.3997,2000.00,-1.6082,-32.16,max_hold_60min,3660.0,Momentum Trading,0.1049,0.0000,0.0000
2025-03-11,2025-03-11T10:40:00,2025-03-11T11:41:00,TSLA,buy_to_open,sell_to_close,long,232.1567,227.8905,8.6149,2000.00,-1.8376,-36.75,max_hold_60min,3660.0,Momentum Trading,0.1353,0.0000,0.0000
2025-03-11,2025-03-11T13:27:00,2025-03-11T13:56:00,COIN,buy_to_open,sell_to_close,long,191.3990,193.7619,10.4494,2000.00,1.2345,24.69,Trailing stop triggered at $194.7180 (locking in 1.63% profit),1740.0,Momentum Trading,0.1035,0.0000,0.0000
2025-03-11,2025-03-11T13:31:00,2025-03-11T13:55:00,TSLA,buy_to_open,sell_to_close,long,232.3018,235.6329,8.6095,2000.00,1.4339,28.68,Trailing stop triggered at $235.9524 (locking in 1.43% profit),1440.0,Momentum Trading,0.1394,0.0000,0.0000
2025-03-13,2025-03-13T09:39:00,2025-03-13T10:40:00,COIN,buy_to_open,sell_to_close,long,187.1060,181.7600,10.6891,2000.00,-2.8572,-57.14,max_hold_60min,3660.0,Momentum Trading,0.1080,0.0000,0.0000
2025-03-19,2025-03-19T14:14:00,2025-03-19T15:00:00,COIN,buy_to_open,sell_to_close,long,192.2040,189.9300,10.4056,2000.00,-1.1831,-23.66,force_close_eod,2760.0,Momentum Trading,0.0666,0.0000,0.0000
2025-03-27,2025-03-27T10:00:00,2025-03-27T10:10:00,RIVN,buy_to_open,sell_to_close,long,12.8510,12.9294,155.6299,2000.00,0.6097,12.19,Trailing stop triggered at $12.9560 (locking in 0.72% profit),600.0,Momentum Trading,0.0934,0.0000,0.0000
2025-03-27,2025-03-27T11:30:00,2025-03-27T12:31:00,RIVN,buy_to_open,sell_to_close,long,13.0940,12.8211,152.7417,2000.00,-2.0842,-41.68,max_hold_60min,3660.0,Momentum Trading,0.0611,0.0000,0.0000
2025-03-31,2025-03-31T09:30:00,2025-03-31T10:03:00,PLTR,buy_to_open,sell_to_close,long,82.1442,82.6765,24.3474,2000.00,0.6481,12.96,Trailing stop triggered at $82.8507 (locking in 0.68% profit),1980.0,Momentum Trading,0.1803,0.0000,0.0000
2025-04-01,2025-04-01T10:22:00,2025-04-01T11:23:00,RIVN,buy_to_open,sell_to_close,long,13.4179,13.4170,149.0543,2000.00,-0.0070,-0.14,max_hold_60min,3660.0,Momentum Trading,0.1183,0.0000,0.0000
2025-04-04,2025-04-04T10:25:00,2025-04-04T11:26:00,AMZN,buy_to_open,sell_to_close,long,177.4400,174.7945,11.2714,2000.00,-1.4909,-29.82,max_hold_60min,3660.0,Momentum Trading,0.1466,0.0000,0.0000
2025-04-04,2025-04-04T10:25:00,2025-04-04T11:26:00,BA,buy_to_open,sell_to_close,long,140.4601,137.4670,14.2389,2000.00,-2.1309,-42.62,max_hold_60min,3660.0,Momentum Trading,0.1567,0.0000,0.0000
2025-04-04,2025-04-04T10:25:00,2025-04-04T11:26:00,META,buy_to_open,sell_to_close,long,511.8885,505.5130,3.9071,2000.00,-1.2455,-24.91,max_hold_60min,3660.0,Momentum Trading,0.1343,0.0000,0.0000
2025-04-04,2025-04-04T10:25:00,2025-04-04T11:26:00,UBER,buy_to_open,sell_to_close,long,66.0750,64.8303,30.2686,2000.00,-1.8838,-37.68,max_hold_60min,3660.0,Momentum Trading,0.1666,0.0000,0.0000
2025-04-04,2025-04-04T10:28:00,2025-04-04T11:29:00,SOFI,buy_to_open,sell_to_close,long,9.6420,9.4380,207.4258,2000.00,-2.1157,-42.31,max_hold_60min,3660.0,Momentum Trading,0.1453,0.0000,0.0000
2025-04-04,2025-04-04T10:42:00,2025-04-04T11:43:00,SNAP,buy_to_open,sell_to_close,long,8.1831,8.1195,244.4062,2000.00,-0.7772,-15.54,max_hold_60min,3660.0,Momentum Trading,0.0733,0.0000,0.0000
2025-04-04,2025-04-04T13:00:00,2025-04-04T14:01:00,COIN,buy_to_open,sell_to_close,long,161.9032,159.2113,12.3531,2000.00,-1.6627,-33.25,max_hold_60min,3660.0,Momentum Trading,0.0966,0.0000,0.0000
2025-04-04,2025-04-04T13:05:00,2025-04-04T14:06:00,PLTR,buy_to_open,sell_to_close,long,75.5640,73.4670,26.4676,2000.00,-2.7751,-55.50,max_hold_60min,3660.0,Momentum Trading,0.1165,0.0000,0.0000
2025-04-04,2025-04-04T14:42:00,2025-04-04T15:00:00,SNAP,buy_to_open,sell_to_close,long,8.0622,8.0450,248.0728,2000.00,-0.2127,-4.25,force_close_eod,1080.0,Momentum Trading,0.0533,0.0000,0.0000
2025-04-07,2025-04-07T12:52:00,2025-04-07T13:03:00,COIN,buy_to_open,sell_to_close,long,159.2240,160.3704,12.5609,2000.00,0.7200,14.40,Trailing stop triggered at $160.7064 (locking in 0.75% profit),660.0,Momentum Trading,0.1810,0.0000,0.0000
2025-04-09,2025-04-09T12:29:00,2025-04-09T12:36:00,NVDA,buy_to_open,sell_to_close,long,106.6160,108.4380,18.7589,2000.00,1.7089,34.18,Trailing stop triggered at $109.4015 (locking in 2.33% profit),420.0,Momentum Trading,0.2743,0.0000,0.0000
2025-04-09,2025-04-09T12:29:00,2025-04-09T12:36:00,PLTR,buy_to_open,sell_to_close,long,85.0749,87.2410,23.5087,2000.00,2.5461,50.92,Trailing stop triggered at $87.9256 (locking in 3.00% profit),420.0,Momentum Trading,0.3413,0.0000,0.0000
2025-04-09,2025-04-09T12:39:00,2025-04-09T13:05:00,SNAP,buy_to_open,sell_to_close,long,8.0060,8.2335,249.8126,2000.00,2.8416,56.83,Trailing stop triggered at $8.2479 (locking in 2.74% profit),1560.0,Momentum Trading,0.2752,0.0000,0.0000
2025-04-09,2025-04-09T12:46:00,2025-04-09T12:59:00,COIN,buy_to_open,sell_to_close,long,172.9760,176.0336,11.5623,2000.00,1.7677,35.35,Trailing stop triggered at $176.2825 (locking in 1.56% profit),780.0,Momentum Trading,0.3428,0.0000,0.0000
2025-04-09,2025-04-09T12:54:00,2025-04-09T13:05:00,BAC,buy_to_open,sell_to_close,long,36.3520,37.0562,55.0176,2000.00,1.9372,38.74,Trailing stop triggered at $37.1135 (locking in 2.00% profit),660.0,Momentum Trading,0.0936,0.0000,0.0000
2025-04-09,2025-04-09T13:06:00,2025-04-09T14:07:00,RIVN,buy_to_open,sell_to_close,long,11.8675,11.5752,168.5276,2000.00,-2.4628,-49.26,max_hold_60min,3660.0,Momentum Trading,0.1263,0.0000,0.0000
2025-04-09,2025-04-09T13:08:00,2025-04-09T13:13:00,UBER,buy_to_open,sell_to_close,long,71.2630,71.8944,28.0651,2000.00,0.8859,17.72,Trailing stop triggered at $71.9560 (locking in 0.88% profit),300.0,Momentum Trading,0.0927,0.0000,0.0000
2025-04-09,2025-04-09T13:20:00,2025-04-09T13:33:00,DIS,buy_to_open,sell_to_close,long,90.2886,91.1810,22.1512,2000.00,0.9884,19.77,Trailing stop triggered at $91.4029 (locking in 1.13% profit),780.0,Momentum Trading,0.1077,0.0000,0.0000
2025-04-09,2025-04-09T13:34:00,2025-04-09T14:33:00,PLTR,buy_to_open,sell_to_close,long,91.6410,92.3000,21.8243,2000.00,0.7191,14.38,Trailing stop triggered at $92.6313 (locking in 0.92% profit),3540.0,Momentum Trading,0.1551,0.0000,0.0000
2025-04-09,2025-04-09T13:39:00,2025-04-09T14:40:00,COIN,buy_to_open,sell_to_close,long,181.9600,178.3850,10.9914,2000.00,-1.9647,-39.29,max_hold_60min,3660.0,Momentum Trading,0.1485,0.0000,0.0000
2025-04-09,2025-04-09T13:53:00,2025-04-09T14:37:00,SNAP,buy_to_open,sell_to_close,long,8.5330,8.6785,234.3842,2000.00,1.7051,34.10,Trailing stop triggered at $8.7510 (locking in 2.36% profit),2640.0,Momentum Trading,0.1877,0.0000,0.0000
2025-04-09,2025-04-09T14:37:00,2025-04-09T14:56:00,BA,buy_to_open,sell_to_close,long,159.2019,160.5330,12.5627,2000.00,0.8361,16.72,Trailing stop triggered at $161.5612 (locking in 1.42% profit),1140.0,Momentum Trading,0.0653,0.0000,0.0000
2025-04-09,2025-04-09T14:42:00,2025-04-09T15:00:00,SNAP,buy_to_open,sell_to_close,long,8.8005,8.8080,227.2598,2000.00,0.0852,1.70,force_close_eod,1080.0,Momentum Trading,0.1251,0.0000,0.0000
2025-04-09,2025-04-09T14:45:00,2025-04-09T15:00:00,AMD,buy_to_open,sell_to_close,long,96.5460,96.9010,20.7155,2000.00,0.3677,7.35,force_close_eod,900.0,Momentum Trading,0.1161,0.0000,0.0000
2025-04-09,2025-04-09T14:54:00,2025-04-09T15:00:00,AAPL,buy_to_open,sell_to_close,long,199.5340,198.6660,10.0234,2000.00,-0.4350,-8.70,force_close_eod,360.0,Momentum Trading,0.1344,0.0000,0.0000
2025-04-10,2025-04-10T09:48:00,2025-04-10T10:49:00,COIN,buy_to_open,sell_to_close,long,172.2398,165.0170,11.6117,2000.00,-4.1935,-83.87,ATR stop loss: -4.23% (threshold: -4.00%),3660.0,Momentum Trading,0.0695,0.0000,0.0000
2025-04-10,2025-04-10T13:00:00,2025-04-10T13:54:00,COIN,buy_to_open,sell_to_close,long,167.4330,171.6479,11.9451,2000.00,2.5174,50.35,Trailing stop triggered at $171.9578 (locking in 2.64% profit),3240.0,Momentum Trading,0.0633,0.0000,0.0000
2025-04-10,2025-04-10T13:06:00,2025-04-10T14:07:00,SOFI,buy_to_open,sell_to_close,long,10.6265,10.5495,188.2087,2000.00,-0.7246,-14.49,max_hold_60min,3660.0,Momentum Trading,0.1224,0.0000,0.0000
2025-04-23,2025-04-23T10:00:00,2025-04-23T11:01:00,TSLA,buy_to_open,sell_to_close,long,256.7476,253.7370,7.7898,2000.00,-1.1726,-23.45,max_hold_60min,3660.0,Momentum Trading,0.1848,0.0000,0.0000
2025-04-25,2025-04-25T09:30:00,2025-04-25T09:36:00,TSLA,buy_to_open,sell_to_close,long,271.1990,272.8350,7.3747,2000.00,0.6032,12.06,Trailing stop triggered at $273.6067 (locking in 0.78% profit),360.0,Momentum Trading,0.1026,0.0000,0.0000
2025-05-07,2025-05-07T14:59:00,2025-05-07T15:00:00,NVDA,buy_to_open,sell_to_close,long,117.0530,117.0650,17.0863,2000.00,0.0103,0.21,force_close_eod,60.0,Momentum Trading,0.0649,0.0000,0.0000
2025-05-09,2025-05-09T10:12:00,2025-05-09T11:13:00,RIVN,buy_to_open,sell_to_close,long,14.5600,14.2004,137.3626,2000.00,-2.4698,-49.40,max_hold_60min,3660.0,Momentum Trading,0.1375,0.0000,0.0000
2025-05-13,2025-05-13T11:01:00,2025-05-13T12:02:00,PLTR,buy_to_open,sell_to_close,long,128.4230,129.6139,15.5735,2000.00,0.9273,18.55,max_hold_60min,3660.0,Momentum Trading,0.1060,0.0000,0.0000
2025-05-29,2025-05-29T09:33:00,2025-05-29T10:34:00,BA,buy_to_open,sell_to_close,long,209.2180,208.3220,9.5594,2000.00,-0.4283,-8.57,max_hold_60min,3660.0,Momentum Trading,0.3620,0.0000,0.0000
2025-06-09,2025-06-09T14:59:00,2025-06-09T15:00:00,TSLA,buy_to_open,sell_to_close,long,308.7393,307.9049,6.4780,2000.00,-0.2703,-5.41,force_close_eod,60.0,Momentum Trading,0.0531,0.0000,0.0000
2025-06-10,2025-06-10T12:54:00,2025-06-10T13:55:00,INTC,buy_to_open,sell_to_close,long,22.2161,22.1079,90.0248,2000.00,-0.4870,-9.74,max_hold_60min,3660.0,Momentum Trading,0.1532,0.0000,0.0000
2025-07-17,2025-07-17T10:42:00,2025-07-17T11:43:00,RIVN,buy_to_open,sell_to_close,long,13.3790,13.0730,149.4880,2000.00,-2.2872,-45.74,max_hold_60min,3660.0,Momentum Trading,0.1346,0.0000,0.0000
2025-07-18,2025-07-18T10:33:00,2025-07-18T11:34:00,RIVN,buy_to_open,sell_to_close,long,13.5167,13.3222,147.9657,2000.00,-1.4386,-28.77,max_hold_60min,3660.0,Momentum Trading,0.0984,0.0000,0.0000
2025-07-30,2025-07-30T09:52:00,2025-07-30T10:53:00,SOFI,buy_to_open,sell_to_close,long,21.6690,21.7560,92.2978,2000.00,0.4015,8.03,max_hold_60min,3660.0,Momentum Trading,0.1292,0.0000,0.0000
2025-08-06,2025-08-06T10:31:00,2025-08-06T10:37:00,RIVN,buy_to_open,sell_to_close,long,12.0149,12.1290,166.4594,2000.00,0.9493,18.99,Trailing stop triggered at $12.1412 (locking in 1.00% profit),360.0,Momentum Trading,0.0556,0.0000,0.0000
2025-08-14,2025-08-14T15:00:00,2025-08-14T15:00:00,INTC,buy_to_open,sell_to_close,long,24.1049,24.0549,82.9707,2000.00,-0.2074,-4.15,force_close_eod,0.0,Momentum Trading,0.2076,0.0000,0.0000
2025-08-25,2025-08-25T09:48:00,2025-08-25T10:49:00,SOFI,buy_to_open,sell_to_close,long,26.2970,26.0083,76.0543,2000.00,-1.0978,-21.96,max_hold_60min,3660.0,Momentum Trading,0.0913,0.0000,0.0000
2025-09-17,2025-09-17T14:39:00,2025-09-17T15:00:00,SOFI,buy_to_open,sell_to_close,long,27.2110,27.0854,73.4997,2000.00,-0.4616,-9.23,force_close_eod,1260.0,Momentum Trading,0.0441,0.0000,0.0000
2025-09-25,2025-09-25T09:39:00,2025-09-25T10:15:00,INTC,buy_to_open,sell_to_close,long,32.9800,33.2230,60.6428,2000.00,0.7368,14.74,Trailing stop triggered at $33.2948 (locking in 0.86% profit),2160.0,Momentum Trading,0.0910,0.0000,0.0000
2025-10-21,2025-10-21T09:31:00,2025-10-21T10:20:00,RIVN,buy_to_open,sell_to_close,long,13.3840,13.4810,149.4322,2000.00,0.7248,14.50,Trailing stop triggered at $13.5094 (locking in 0.88% profit),2940.0,Momentum Trading,0.0598,0.0000,0.0000
2025-11-03,2025-11-03T09:32:00,2025-11-03T10:33:00,AMZN,buy_to_open,sell_to_close,long,256.1790,255.0815,7.8070,2000.00,-0.4284,-8.57,max_hold_60min,3660.0,Momentum Trading,0.0695,0.0000,0.0000
2025-11-05,2025-11-05T10:12:00,2025-11-05T11:13:00,INTC,buy_to_open,sell_to_close,long,37.9435,37.6774,52.7100,2000.00,-0.7013,-14.03,max_hold_60min,3660.0,Momentum Trading,0.0712,0.0000,0.0000
2025-11-07,2025-11-07T10:26:00,2025-11-07T11:27:00,RIVN,buy_to_open,sell_to_close,long,14.7735,14.6171,135.3775,2000.00,-1.0584,-21.17,max_hold_60min,3660.0,Momentum Trading,0.0474,0.0000,0.0000
2025-11-07,2025-11-07T12:43:00,2025-11-07T13:22:00,COIN,buy_to_open,sell_to_close,long,299.6135,301.8418,6.6753,2000.00,0.7437,14.87,Trailing stop triggered at $302.2314 (locking in 0.83% profit),2340.0,Momentum Trading,0.0441,0.0000,0.0000
2025-11-10,2025-11-10T10:42:00,2025-11-10T11:43:00,RIVN,buy_to_open,sell_to_close,long,15.6250,15.7800,128.0000,2000.00,0.9920,19.84,max_hold_60min,3660.0,Momentum Trading,0.0640,0.0000,0.0000
2025-11-10,2025-11-10T12:08:00,2025-11-10T12:34:00,RIVN,buy_to_open,sell_to_close,long,16.0170,16.1905,124.8673,2000.00,1.0832,21.66,Trailing stop triggered at $16.1950 (locking in 1.02% profit),1560.0,Momentum Trading,0.0874,0.0000,0.0000
2025-11-12,2025-11-12T09:48:00,2025-11-12T10:49:00,SNAP,buy_to_open,sell_to_close,long,9.0920,8.9335,219.9736,2000.00,-1.7433,-34.87,max_hold_60min,3660.0,Momentum Trading,0.0440,0.0000,0.0000
2025-11-12,2025-11-12T10:31:00,2025-11-12T11:32:00,AMD,buy_to_open,sell_to_close,long,261.4620,261.6591,7.6493,2000.00,0.0754,1.51,max_hold_60min,3660.0,Momentum Trading,0.1546,0.0000,0.0000
2025-11-21,2025-11-21T11:48:00,2025-11-21T12:13:00,PLTR,buy_to_open,sell_to_close,long,153.0350,153.8840,13.0689,2000.00,0.5548,11.10,Trailing stop triggered at $153.9468 (locking in 0.53% profit),1500.0,Momentum Trading,0.0654,0.0000,0.0000
2025-11-21,2025-11-21T11:55:00,2025-11-21T12:10:00,COIN,buy_to_open,sell_to_close,long,240.9008,242.1430,8.3022,2000.00,0.5156,10.31,Trailing stop triggered at $242.4604 (locking in 0.60% profit),900.0,Momentum Trading,0.0422,0.0000,0.0000
2025-11-28,2025-11-28T10:05:00,2025-11-28T10:38:00,INTC,buy_to_open,sell_to_close,long,38.8080,39.0682,51.5358,2000.00,0.6705,13.41,Trailing stop triggered at $39.1173 (locking in 0.63% profit),1980.0,Momentum Trading,0.1702,0.0000,0.0000
2025-11-28,2025-11-28T10:20:00,2025-11-28T11:21:00,RIVN,buy_to_open,sell_to_close,long,16.9805,16.9295,117.7822,2000.00,-0.3003,-6.01,max_hold_60min,3660.0,Momentum Trading,0.0648,0.0000,0.0000
2025-12-01,2025-12-01T10:07:00,2025-12-01T11:08:00,RIVN,buy_to_open,sell_to_close,long,17.4540,17.2103,114.5869,2000.00,-1.3964,-27.93,max_hold_60min,3660.0,Momentum Trading,0.1032,0.0000,0.0000
2025-12-02,2025-12-02T10:12:00,2025-12-02T10:27:00,INTC,buy_to_open,sell_to_close,long,41.9219,42.3410,47.7078,2000.00,0.9997,19.99,Trailing stop triggered at $42.3997 (locking in 1.03% profit),900.0,Momentum Trading,0.1045,0.0000,0.0000
2025-12-05,2025-12-05T09:50:00,2025-12-05T10:14:00,INTC,buy_to_open,sell_to_close,long,41.9481,42.5592,47.6780,2000.00,1.4568,29.14,Trailing stop triggered at $42.6338 (locking in 1.57% profit),1440.0,Momentum Trading,0.0624,0.0000,0.0000
2025-12-19,2025-12-19T10:01:00,2025-12-19T10:25:00,RIVN,buy_to_open,sell_to_close,long,21.1875,21.4655,94.3953,2000.00,1.3119,26.24,Trailing stop triggered at $21.5285 (locking in 1.35% profit),1440.0,Momentum Trading,0.2599,0.0000,0.0000
2026-01-02,2026-01-02T09:57:00,2026-01-02T10:32:00,RIVN,buy_to_open,sell_to_close,long,20.4706,19.5910,97.7010,2000.00,-4.2969,-85.94,ATR stop loss: -4.37% (threshold: -4.00%),2100.0,Momentum Trading,0.1233,0.0000,0.0000
2026-01-06,2026-01-06T10:09:00,2026-01-06T11:10:00,SNAP,buy_to_open,sell_to_close,long,8.6354,8.7536,231.6037,2000.00,1.3688,27.38,max_hold_60min,3660.0,Momentum Trading,0.1377,0.0000,0.0000
2026-01-07,2026-01-07T10:33:00,2026-01-07T11:34:00,INTC,buy_to_open,sell_to_close,long,44.0900,43.5490,45.3618,2000.00,-1.2270,-24.54,max_hold_60min,3660.0,Momentum Trading,0.1135,0.0000,0.0000
2026-01-07,2026-01-07T10:58:00,2026-01-07T11:37:00,RIVN,buy_to_open,sell_to_close,long,19.6170,19.7107,101.9524,2000.00,0.4776,9.55,Trailing stop triggered at $19.7306 (locking in 0.56% profit),2340.0,Momentum Trading,0.0204,0.0000,0.0000
2026-01-15,2026-01-15T10:13:00,2026-01-15T11:14:00,AMD,buy_to_open,sell_to_close,long,236.9740,237.2560,8.4397,2000.00,0.1190,2.38,max_hold_60min,3660.0,Momentum Trading,0.0667,0.0000,0.0000
2026-01-21,2026-01-21T15:00:00,2026-01-21T15:00:00,COIN,buy_to_open,sell_to_close,long,229.7680,229.4920,8.7044,2000.00,-0.1201,-2.40,force_close_eod,0.0,Momentum Trading,0.1202,0.0000,0.0000
2026-01-28,2026-01-28T09:34:00,2026-01-28T10:35:00,SNAP,buy_to_open,sell_to_close,long,7.7479,7.7070,258.1355,2000.00,-0.5275,-10.55,max_hold_60min,3660.0,Momentum Trading,0.0741,0.0000,0.0000
